Date,Equity_NSE,Bond,Gold
2021-04-07,14819.0498046875,47.654300689697266,40.11000061035156
2021-04-08,14873.7998046875,47.690101623535156,40.279998779296875
2021-04-09,14834.849609375,47.691200256347656,40.45000076293945
2021-04-12,14310.7998046875,47.71390151977539,40.4900016784668
2021-04-15,14581.4501953125,47.64360046386719,40.720001220703125
2021-04-16,14617.849609375,47.70909881591797,40.83000183105469
2021-04-19,14359.4501953125,47.849700927734375,41.529998779296875
2021-04-20,14296.400390625,47.82870101928711,41.099998474121094
2021-04-22,14406.150390625,47.88819885253906,41.47999954223633
2021-04-23,14341.349609375,48.01390075683594,41.52000045776367
2021-04-26,14485.0,48.12120056152344,41.22999954223633
2021-04-27,14653.0498046875,48.1327018737793,41.08000183105469
2021-04-28,14864.5498046875,48.097999572753906,40.63999938964844
2021-04-29,14894.900390625,48.130401611328125,40.720001220703125
2021-04-30,14631.099609375,48.136600494384766,40.59000015258789
2021-05-03,14634.150390625,48.16640090942383,40.689998626708984
2021-05-04,14496.5,48.14080047607422,40.75
2021-05-05,14617.849609375,48.21070098876953,40.529998779296875
2021-05-06,14724.7998046875,48.2588005065918,40.81999969482422
2021-05-07,14823.150390625,48.23630142211914,41.2400016784668
2021-05-10,14942.349609375,48.24330139160156,41.459999084472656
2021-05-11,14850.75,48.2239990234375,41.400001525878906
2021-05-12,14696.5,48.27450180053711,41.38999938964844
2021-05-14,14677.7998046875,48.21009826660156,41.4900016784668
2021-05-17,14923.150390625,48.261600494384766,41.83000183105469
2021-05-18,15108.099609375,48.245201110839844,42.09000015258789
2021-05-19,15030.150390625,48.24089813232422,41.939998626708984
2021-05-20,14906.0498046875,48.284000396728516,42.130001068115234
2021-05-21,15175.2998046875,48.320701599121094,42.16999816894531
2021-05-24,15197.7001953125,48.334999084472656,42.20000076293945
2021-05-25,15208.4501953125,48.40010070800781,42.119998931884766
2021-05-27,15337.849609375,48.36000061035156,42.38999938964844
2021-05-28,15435.650390625,48.35540008544922,42.220001220703125
2021-05-31,15582.7998046875,48.295799255371094,42.59000015258789
2021-06-01,15574.849609375,48.26750183105469,42.83000183105469
2021-06-02,15576.2001953125,48.30189895629883,42.56999969482422
2021-06-03,15690.349609375,48.347599029541016,42.5099983215332
2021-06-04,15670.25,48.335899353027344,42.119998931884766
2021-06-07,15751.650390625,48.40439987182617,42.279998779296875
2021-06-08,15740.099609375,48.49789810180664,42.40999984741211
2021-06-09,15635.349609375,48.484100341796875,42.5
2021-06-10,15737.75,48.5546989440918,42.349998474121094
2021-06-11,15799.349609375,48.58340072631836,42.630001068115234
2021-06-14,15811.849609375,48.53200149536133,42.029998779296875
2021-06-15,15869.25,48.3400993347168,42.04999923706055
2021-06-16,15767.5498046875,48.26430130004883,42.09000015258789
2021-06-17,15691.400390625,48.287200927734375,41.349998474121094
2021-06-18,15683.349609375,48.34560012817383,40.959999084472656
2021-06-21,15746.5,48.26620101928711,40.95000076293945
2021-06-22,15772.75,48.24570083618164,40.93000030517578
2021-06-23,15686.9501953125,48.20309829711914,41.0
2021-06-24,15790.4501953125,48.25519943237305,40.900001525878906
2021-06-25,15860.349609375,48.180999755859375,40.95000076293945
2021-06-28,15814.7001953125,48.12089920043945,40.81999969482422
2021-06-29,15748.4501953125,48.224098205566406,40.72999954223633
2021-06-30,15721.5,48.1693000793457,40.52000045776367
2021-07-01,15680.0,48.20859909057617,40.90999984741211
2021-07-02,15722.2001953125,48.08570098876953,41.150001525878906
2021-07-05,15834.349609375,48.10490036010742,41.20000076293945
2021-07-06,15818.25,47.93389892578125,41.61000061035156
2021-07-07,15879.650390625,48.0348014831543,41.720001220703125
2021-07-08,15727.900390625,48.193199157714844,41.7400016784668
2021-07-09,15689.7998046875,48.196800231933594,41.58000183105469
2021-07-12,15692.599609375,48.154998779296875,41.5
2021-07-13,15812.349609375,48.23929977416992,41.52000045776367
2021-07-14,15853.9501953125,48.28350067138672,41.63999938964844
2021-07-15,15924.2001953125,48.281700134277344,41.97999954223633
2021-07-16,15923.400390625,48.325199127197266,41.849998474121094
2021-07-19,15752.400390625,48.39509963989258,41.619998931884766
2021-07-20,15632.099609375,48.43080139160156,41.689998626708984
2021-07-22,15824.0498046875,48.3671989440918,41.29999923706055
2021-07-23,15856.0498046875,48.35459899902344,41.36000061035156
2021-07-26,15824.4501953125,48.4010009765625,41.400001525878906
2021-07-27,15746.4501953125,48.378700256347656,41.349998474121094
2021-07-28,15709.400390625,48.359901428222656,41.369998931884766
2021-07-29,15778.4501953125,48.34090042114258,41.68000030517578
2021-07-30,15763.0498046875,48.30569839477539,41.91999816894531
2021-08-02,15885.150390625,48.3484992980957,41.529998779296875
2021-08-03,16130.75,48.357200622558594,41.47999954223633
2021-08-04,16258.7998046875,48.393699645996094,41.529998779296875
2021-08-05,16294.599609375,48.40079879760742,41.560001373291016
2021-08-06,16238.2001953125,48.30739974975586,41.29999923706055
2021-08-09,16258.25,48.3849983215332,40.36000061035156
2021-08-10,16280.099609375,48.368499755859375,40.220001220703125
2021-08-11,16282.25,48.38359832763672,40.2599983215332
2021-08-12,16364.400390625,48.395599365234375,40.560001373291016
2021-08-13,16529.099609375,48.407501220703125,40.5
2021-08-17,16614.599609375,48.52080154418945,41.18000030517578
2021-08-18,16568.849609375,48.60340118408203,41.029998779296875
2021-08-20,16450.5,48.55929946899414,40.970001220703125
2021-08-23,16496.44921875,48.56909942626953,41.0099983215332
2021-08-24,16624.599609375,48.565399169921875,41.18000030517578
2021-08-25,16634.650390625,48.599700927734375,41.040000915527344
2021-08-26,16636.900390625,48.58319854736328,40.79999923706055
2021-08-27,16705.19921875,48.5974006652832,40.86000061035156
2021-08-30,16931.05078125,48.6880989074707,41.0099983215332
2021-08-31,17132.19921875,48.70069885253906,40.83000183105469
2021-09-01,17076.25,48.77510070800781,40.83000183105469
2021-09-02,17234.150390625,48.819698333740234,40.91999816894531
2021-09-03,17323.599609375,48.8484001159668,40.91999816894531
2021-09-06,17377.80078125,48.86800003051758,41.209999084472656
2021-09-07,17362.099609375,48.794700622558594,41.060001373291016
2021-09-08,17353.5,48.82640075683594,40.880001068115234
2021-09-09,17369.25,48.849998474121094,40.790000915527344
2021-09-13,17355.30078125,48.83420181274414,40.720001220703125
2021-09-14,17380.0,48.83169937133789,40.72999954223633
2021-09-15,17519.44921875,48.902000427246094,40.959999084472656
2021-09-16,17629.5,48.90129852294922,40.52000045776367
2021-09-17,17585.150390625,48.8916015625,40.20000076293945
2021-09-20,17396.900390625,49.00310134887695,40.16999816894531
2021-09-21,17562.0,48.97610092163086,40.22999954223633
2021-09-22,17546.650390625,48.970401763916016,40.599998474121094
2021-09-23,17822.94921875,48.986698150634766,40.34000015258789
2021-09-24,17853.19921875,48.87580108642578,40.04999923706055
2021-09-27,17855.099609375,48.82509994506836,40.0099983215332
2021-09-28,17748.599609375,48.871498107910156,39.939998626708984
2021-09-29,17711.30078125,48.917701721191406,40.02000045776367
2021-09-30,17618.150390625,48.89540100097656,39.720001220703125
2021-10-01,17532.05078125,48.865699768066406,40.209999084472656
2021-10-04,17691.25,48.885398864746094,40.2400016784668
2021-10-05,17822.30078125,48.870601654052734,40.349998474121094
2021-10-06,17646.0,48.851898193359375,40.45000076293945
2021-10-07,17790.349609375,48.86389923095703,40.54999923706055
2021-10-08,17895.19921875,48.8557014465332,40.540000915527344
2021-10-11,17945.94921875,48.86320114135742,40.70000076293945
2021-10-12,17991.94921875,48.90679931640625,40.84000015258789
2021-10-13,18161.75,48.986900329589844,40.91999816894531
2021-10-14,18338.55078125,48.97909927368164,41.52000045776367
2021-10-18,18477.05078125,48.875999450683594,40.97999954223633
2021-10-20,18266.599609375,48.890499114990234,41.060001373291016
2021-10-21,18178.099609375,48.954898834228516,41.16999816894531
2021-10-22,18114.900390625,48.935001373291016,41.290000915527344
2021-10-25,18125.400390625,48.97050094604492,41.58000183105469
2021-10-26,18268.400390625,48.962501525878906,41.65999984741211
2021-10-27,18210.94921875,48.99789810180664,41.33000183105469
2021-10-28,17857.25,48.98249816894531,41.56999969482422
2021-10-29,17671.650390625,48.93149948120117,41.5
2021-11-01,17929.650390625,48.94860076904297,41.279998779296875
2021-11-02,17888.94921875,49.01139831542969,41.45000076293945
2021-11-03,17829.19921875,49.022701263427734,41.099998474121094
2021-11-08,18068.55078125,49.15950012207031,41.5
2021-11-09,18044.25,49.17509841918945,41.66999816894531
2021-11-10,18017.19921875,49.14889907836914,41.790000915527344
2021-11-11,17873.599609375,49.09370040893555,42.70000076293945
2021-11-12,18102.75,49.12030029296875,42.45000076293945
2021-11-15,18109.44921875,49.17150115966797,42.650001525878906
2021-11-16,17999.19921875,49.144798278808594,42.79999923706055
2021-11-17,17898.650390625,49.20989990234375,42.540000915527344
2021-11-18,17764.80078125,49.227298736572266,42.61000061035156
2021-11-22,17416.55078125,49.24150085449219,42.22999954223633
2021-11-23,17503.349609375,49.221900939941406,41.34000015258789
2021-11-24,17415.05078125,49.221900939941406,41.20000076293945
2021-11-25,17536.25,49.24720001220703,41.29999923706055
2021-11-26,17026.44921875,49.31740188598633,41.77000045776367
2021-11-29,17053.94921875,49.335899353027344,41.619998931884766
2021-11-30,16983.19921875,49.369300842285156,41.5099983215332
2021-12-01,17166.900390625,49.304500579833984,41.209999084472656
2021-12-02,17401.650390625,49.31919860839844,40.97999954223633
2021-12-03,17196.69921875,49.29359817504883,40.91999816894531
2021-12-06,16912.25,49.33209991455078,41.29999923706055
2021-12-07,17176.69921875,49.292701721191406,41.220001220703125
2021-12-08,17469.75,49.4010009765625,41.470001220703125
2021-12-09,17516.849609375,49.398399353027344,41.349998474121094
2021-12-10,17511.30078125,49.3745002746582,41.27000045776367
2021-12-13,17368.25,49.3828010559082,41.54999923706055
2021-12-14,17324.900390625,49.40909957885742,41.54999923706055
2021-12-15,17221.400390625,49.39250183105469,41.470001220703125
2021-12-16,17248.400390625,49.399200439453125,41.720001220703125
2021-12-17,16985.19921875,49.36439895629883,42.13999938964844
2021-12-20,16614.19921875,49.321800231933594,41.86000061035156
2021-12-21,16770.849609375,49.26850128173828,41.689998626708984
2021-12-22,16955.44921875,49.26169967651367,41.52000045776367
2021-12-23,17072.599609375,49.25389862060547,41.689998626708984
2021-12-24,17003.75,49.232601165771484,41.709999084472656
2021-12-27,17086.25,49.25960159301758,41.59000015258789
2021-12-28,17233.25,49.26240158081055,41.61000061035156
2021-12-29,17213.599609375,49.29930114746094,41.5
2021-12-30,17203.94921875,49.2843017578125,41.220001220703125
2021-12-31,17354.05078125,49.32419967651367,41.47999954223633
2022-01-03,17625.69921875,49.35129928588867,41.72999954223633
2022-01-04,17805.25,49.24909973144531,41.459999084472656
2022-01-05,17925.25,49.25619888305664,41.560001373291016
2022-01-06,17745.900390625,49.21369934082031,41.2400016784668
2022-01-07,17812.69921875,49.18840026855469,41.09000015258789
2022-01-10,18003.30078125,49.12879943847656,41.06999969482422
2022-01-11,18055.75,49.176998138427734,41.209999084472656
2022-01-12,18212.349609375,49.164398193359375,41.33000183105469
2022-01-13,18257.80078125,49.26789855957031,41.41999816894531
2022-01-14,18255.75,49.278900146484375,41.529998779296875
2022-01-17,18308.099609375,49.21080017089844,41.529998779296875
2022-01-18,18113.05078125,49.202999114990234,41.52000045776367
2022-01-19,17938.400390625,49.1952018737793,41.599998474121094
2022-01-20,17757.0,49.225399017333984,42.04999923706055
2022-01-21,17617.150390625,49.2224006652832,41.84000015258789
2022-01-24,17149.099609375,49.2577018737793,42.040000915527344
2022-01-25,17277.94921875,49.30860137939453,42.060001373291016
2022-01-27,17110.150390625,49.2130012512207,41.81999969482422
2022-01-28,17101.94921875,49.21030044555664,41.43000030517578
2022-01-31,17339.849609375,49.38479995727539,41.25
2022-02-01,17576.849609375,49.209598541259766,41.54999923706055
2022-02-02,17780.0,49.089298248291016,41.5099983215332
2022-02-03,17560.19921875,49.0796012878418,41.560001373291016
2022-02-04,17516.30078125,49.09149932861328,41.599998474121094
2022-02-08,17266.75,49.27130126953125,41.81999969482422
2022-02-09,17463.80078125,49.30690002441406,41.9900016784668
2022-02-10,17605.849609375,49.578399658203125,42.16999816894531
2022-02-11,17374.75,49.67490005493164,42.189998626708984
2022-02-14,16842.80078125,49.74810028076172,42.959999084472656
2022-02-15,17352.44921875,49.666500091552734,42.720001220703125
2022-02-16,17322.19921875,49.6068000793457,42.63999938964844
2022-02-17,17304.599609375,49.637298583984375,43.38999938964844
2022-02-18,17276.30078125,49.67829895019531,43.18000030517578
2022-02-21,17206.650390625,49.62990188598633,43.099998474121094
2022-02-22,17092.19921875,49.51810073852539,43.380001068115234
2022-02-23,17063.25,49.53070068359375,43.09000015258789
2022-02-24,16247.9501953125,49.452598571777344,44.619998931884766
2022-02-25,16658.400390625,49.499298095703125,43.619998931884766
2022-02-28,16793.900390625,49.49959945678711,43.59000015258789
2022-03-02,16605.94921875,49.40769958496094,44.38999938964844
2022-03-03,16498.05078125,49.38890075683594,44.400001525878906
2022-03-04,16245.349609375,49.41709899902344,44.650001525878906
2022-03-07,15863.150390625,49.27130126953125,46.0
2022-03-08,16013.4501953125,49.27009963989258,45.93000030517578
2022-03-09,16345.349609375,49.32270050048828,45.65999984741211
2022-03-10,16594.900390625,49.45819854736328,44.79999923706055
2022-03-11,16630.44921875,49.399200439453125,45.279998779296875
2022-03-14,16871.30078125,49.44729995727539,44.63999938964844
2022-03-15,16663.0,49.54779815673828,44.33000183105469
2022-03-16,16975.349609375,49.60459899902344,44.22999954223633
2022-03-17,17287.05078125,49.67959976196289,44.22999954223633
2022-03-21,17117.599609375,49.662200927734375,44.13999938964844
2022-03-22,17315.5,49.559200286865234,44.31999969482422
2022-03-23,17245.650390625,49.57500076293945,44.41999816894531
2022-03-24,17222.75,49.55080032348633,44.58000183105469
2022-03-25,17153.0,49.59429931640625,44.790000915527344
2022-03-28,17222.0,49.540000915527344,44.4900016784668
2022-03-29,17325.30078125,49.584598541259766,44.18000030517578
2022-03-30,17498.25,49.699798583984375,44.11000061035156
2022-03-31,17464.75,49.66299819946289,44.119998931884766
2022-04-04,18053.400390625,49.61050033569336,44.220001220703125
2022-04-05,17957.400390625,49.6239013671875,44.310001373291016
2022-04-06,17807.650390625,49.63460159301758,44.4900016784668
2022-04-07,17639.55078125,49.6797981262207,44.63999938964844
2022-04-08,17784.349609375,49.28630065917969,44.65999984741211
2022-04-11,17674.94921875,49.207298278808594,45.220001220703125
2022-04-12,17530.30078125,49.13710021972656,45.20000076293945
2022-04-13,17475.650390625,48.94729995727539,45.72999954223633
2022-04-18,17173.650390625,49.02149963378906,46.189998626708984
2022-04-19,16958.650390625,49.0625,45.97999954223633
2022-04-20,17136.55078125,49.14979934692383,45.220001220703125
2022-04-21,17392.599609375,49.061100006103516,45.209999084472656
2022-04-22,17171.94921875,48.975799560546875,45.33000183105469
2022-04-25,16953.94921875,49.17499923706055,44.900001525878906
2022-04-26,17200.80078125,49.180198669433594,44.63999938964844
2022-04-27,17038.400390625,49.12229919433594,44.43000030517578
2022-04-28,17245.05078125,49.02159881591797,44.33000183105469
2022-04-29,17102.55078125,49.04330062866211,44.790000915527344
2022-05-02,17069.099609375,49.069000244140625,44.15999984741211
2022-05-04,16677.599609375,48.477500915527344,43.97999954223633
2022-05-05,16682.650390625,48.238399505615234,44.540000915527344
2022-05-06,16411.25,48.08089828491211,44.54999923706055
2022-05-09,16301.849609375,48.084800720214844,44.41999816894531
2022-05-10,16240.0498046875,48.939998626708984,44.2599983215332
2022-05-11,16167.099609375,49.2400016784668,44.060001373291016
2022-05-12,15808.0,48.9900016784668,44.02000045776367
2022-05-13,15782.150390625,48.97999954223633,43.41999816894531
2022-05-16,15842.2998046875,49.34000015258789,43.13999938964844
2022-05-17,16259.2998046875,48.790000915527344,43.540000915527344
2022-05-18,16240.2998046875,48.779998779296875,43.38999938964844
2022-05-19,15809.400390625,48.79999923706055,43.59000015258789
2022-05-20,16266.150390625,48.939998626708984,43.91999816894531
2022-05-23,16214.7001953125,48.7400016784668,44.25
2022-05-24,16125.150390625,48.810001373291016,44.06999969482422
2022-05-25,16025.7998046875,48.91999816894531,44.119998931884766
2022-05-26,16170.150390625,48.869998931884766,43.869998931884766
2022-05-27,16352.4501953125,48.849998474121094,44.08000183105469
2022-05-30,16661.400390625,48.790000915527344,43.97999954223633
2022-05-31,16584.55078125,48.56999969482422,43.95000076293945
2022-06-01,16522.75,48.709999084472656,43.52000045776367
2022-06-02,16628.0,48.689998626708984,43.97999954223633
2022-06-03,16584.30078125,48.619998931884766,44.150001525878906
2022-06-06,16569.55078125,48.560001373291016,44.0
2022-06-07,16416.349609375,48.59000015258789,43.86000061035156
2022-06-08,16356.25,48.790000915527344,43.880001068115234
2022-06-09,16478.099609375,48.83000183105469,43.95000076293945
2022-06-10,16201.7998046875,48.790000915527344,43.810001373291016
2022-06-13,15774.400390625,48.63999938964844,44.189998626708984
2022-06-14,15732.099609375,48.63999938964844,43.56999969482422
2022-06-15,15692.150390625,48.560001373291016,43.61000061035156
2022-06-16,15360.599609375,48.470001220703125,43.720001220703125
2022-06-17,15293.5,48.5099983215332,44.08000183105469
2022-06-20,15350.150390625,48.66999816894531,43.81999969482422
2022-06-21,15638.7998046875,48.38999938964844,43.779998779296875
2022-06-22,15413.2998046875,48.4900016784668,43.68000030517578
2022-06-23,15556.650390625,48.4900016784668,43.7599983215332
2022-06-24,15699.25,48.400001525878906,43.65999984741211
2022-06-27,15832.0498046875,48.790000915527344,43.869998931884766
2022-06-28,15850.2001953125,48.56999969482422,43.79999923706055
2022-06-29,15799.099609375,48.619998931884766,43.7599983215332
2022-06-30,15780.25,48.45000076293945,43.7599983215332
2022-07-01,15752.0498046875,48.66999816894531,44.36000061035156
2022-07-04,15835.349609375,48.810001373291016,44.68000030517578
2022-07-05,15810.849609375,48.77000045776367,44.79999923706055
2022-07-06,15989.7998046875,48.939998626708984,44.16999816894531
2022-07-07,16132.900390625,48.90999984741211,43.59000015258789
2022-07-08,16220.599609375,48.83000183105469,43.56999969482422
2022-07-11,16216.0,48.7400016784668,43.560001373291016
2022-07-12,16058.2998046875,48.81999969482422,43.619998931884766
2022-07-13,15966.650390625,49.0099983215332,43.439998626708984
2022-07-14,15938.650390625,49.0099983215332,43.29999923706055
2022-07-15,16049.2001953125,49.150001525878906,43.11000061035156
2022-07-18,16278.5,49.02000045776367,43.54999923706055
2022-07-19,16340.5498046875,49.029998779296875,43.38999938964844
2022-07-20,16520.849609375,49.04999923706055,43.38999938964844
2022-07-21,16605.25,49.11000061035156,43.029998779296875
2022-07-22,16719.44921875,49.209999084472656,43.689998626708984
2022-07-25,16631.0,49.27000045776367,43.599998474121094
2022-07-26,16483.849609375,49.310001373291016,43.459999084472656
2022-07-27,16641.80078125,49.33000183105469,43.56999969482422
2022-07-28,16929.599609375,49.36000061035156,44.02000045776367
2022-07-29,17158.25,49.45000076293945,44.060001373291016
2022-08-01,17340.05078125,49.380001068115234,44.220001220703125
2022-08-02,17345.44921875,49.47999954223633,44.18000030517578
2022-08-03,17388.150390625,49.400001525878906,44.189998626708984
2022-08-04,17382.0,49.56999969482422,44.65999984741211
2022-08-05,17397.5,49.29999923706055,44.720001220703125
2022-08-08,17525.099609375,49.150001525878906,44.619998931884766
2022-08-10,17534.75,49.279998779296875,44.869998931884766
2022-08-11,17659.0,49.43000030517578,44.90999984741211
2022-08-12,17698.150390625,49.45000076293945,45.0
2022-08-16,17825.25,49.41999816894531,44.650001525878906
2022-08-17,17944.25,49.650001525878906,44.599998474121094
2022-08-18,17956.5,49.529998779296875,44.54999923706055
2022-08-19,17758.44921875,49.5,44.41999816894531
2022-08-22,17490.69921875,49.529998779296875,43.9900016784668
2022-08-23,17577.5,49.5,44.150001525878906
2022-08-24,17604.94921875,49.52000045776367,44.33000183105469
2022-08-25,17522.44921875,49.459999084472656,44.63999938964844
2022-08-26,17558.900390625,49.59000015258789,44.29999923706055
2022-08-29,17312.900390625,49.4900016784668,43.849998474121094
2022-08-30,17759.30078125,49.61000061035156,43.900001525878906
2022-09-01,17542.80078125,49.619998931884766,43.349998474121094
2022-09-02,17539.44921875,49.650001525878906,43.369998931884766
2022-09-05,17665.80078125,49.63999938964844,43.540000915527344
2022-09-06,17655.599609375,49.63999938964844,43.5
2022-09-07,17624.400390625,49.65999984741211,43.40999984741211
2022-09-08,17798.75,49.7599983215332,43.599998474121094
2022-09-09,17833.349609375,49.86000061035156,43.65999984741211
2022-09-12,17936.349609375,49.88999938964844,43.599998474121094
2022-09-13,18070.05078125,49.939998626708984,43.5
2022-09-14,18003.75,49.7599983215332,43.18000030517578
2022-09-15,17877.400390625,49.560001373291016,43.04999923706055
2022-09-16,17530.849609375,49.52000045776367,42.2599983215332
2022-09-19,17622.25,49.540000915527344,42.34000015258789
2022-09-20,17816.25,49.45000076293945,42.4900016784668
2022-09-21,17718.349609375,49.54999923706055,42.70000076293945
2022-09-22,17629.80078125,49.34000015258789,42.9900016784668
2022-09-23,17327.349609375,49.20000076293945,42.81999969482422
2022-09-26,17016.30078125,49.22999954223633,42.63999938964844
2022-09-27,17007.400390625,49.279998779296875,42.41999816894531
2022-09-28,16858.599609375,49.2400016784668,42.29999923706055
2022-09-29,16818.099609375,49.41999816894531,42.900001525878906
2022-09-30,17094.349609375,49.380001068115234,43.15999984741211
2022-10-03,16887.349609375,49.34000015258789,43.13999938964844
2022-10-04,17274.30078125,49.43000030517578,44.04999923706055
2022-10-06,17331.80078125,49.380001068115234,44.279998779296875
2022-10-07,17314.650390625,49.220001220703125,44.4900016784668
2022-10-10,17241.0,49.130001068115234,43.72999954223633
2022-10-11,16983.55078125,49.15999984741211,43.41999816894531
2022-10-12,17123.599609375,49.209999084472656,43.59000015258789
2022-10-13,17014.349609375,49.29999923706055,43.689998626708984
2022-10-14,17185.69921875,49.220001220703125,43.2599983215332
2022-10-17,17311.80078125,49.41999816894531,43.2400016784668
2022-10-18,17486.94921875,49.369998931884766,43.119998931884766
2022-10-19,17512.25,49.33000183105469,43.189998626708984
2022-10-20,17563.94921875,49.310001373291016,43.040000915527344
2022-10-21,17576.30078125,49.290000915527344,42.72999954223633
2022-10-24,17730.75,49.38999938964844,43.47999954223633
2022-10-25,17656.349609375,49.4900016784668,43.16999816894531
2022-10-27,17736.94921875,49.560001373291016,43.459999084472656
2022-10-28,17786.80078125,49.560001373291016,43.279998779296875
2022-10-31,18012.19921875,49.52000045776367,43.22999954223633
2022-11-01,18145.400390625,49.54999923706055,43.310001373291016
2022-11-02,18082.849609375,49.619998931884766,43.5
2022-11-03,18052.69921875,49.40999984741211,43.0
2022-11-04,18117.150390625,49.560001373291016,43.290000915527344
2022-11-07,18202.80078125,49.43000030517578,43.7400016784668
2022-11-09,18157.0,49.58000183105469,43.970001220703125
2022-11-10,18028.19921875,49.72999954223633,44.18000030517578
2022-11-11,18349.69921875,49.9900016784668,44.7599983215332
2022-11-14,18329.150390625,49.900001525878906,44.81999969482422
2022-11-15,18403.400390625,50.060001373291016,45.150001525878906
2022-11-16,18409.650390625,50.06999969482422,45.349998474121094
2022-11-17,18343.900390625,50.060001373291016,45.16999816894531
2022-11-18,18307.650390625,50.060001373291016,45.2599983215332
2022-11-21,18159.94921875,50.08000183105469,44.79999923706055
2022-11-22,18244.19921875,50.150001525878906,44.900001525878906
2022-11-23,18267.25,49.970001220703125,44.77000045776367
2022-11-24,18484.099609375,50.16999816894531,45.040000915527344
2022-11-25,18512.75,50.150001525878906,44.97999954223633
2022-11-28,18562.75,50.20000076293945,45.119998931884766
2022-11-29,18618.05078125,50.209999084472656,45.099998474121094
2022-11-30,18758.349609375,50.209999084472656,45.099998474121094
2022-12-01,18812.5,50.29999923706055,45.369998931884766
2022-12-02,18696.099609375,50.349998474121094,45.880001068115234
2022-12-05,18701.05078125,50.41999816894531,46.09000015258789
2022-12-06,18642.75,50.400001525878906,45.81999969482422
2022-12-07,18560.5,50.36000061035156,45.84000015258789
2022-12-08,18609.349609375,50.25,46.060001373291016
2022-12-09,18496.599609375,50.310001373291016,46.11000061035156
2022-12-12,18497.150390625,50.31999969482422,46.189998626708984
2022-12-13,18608.0,50.310001373291016,46.15999984741211
2022-12-14,18660.30078125,50.40999984741211,46.540000915527344
2022-12-15,18414.900390625,50.38999938964844,46.029998779296875
2022-12-16,18269.0,50.34000015258789,46.099998474121094
2022-12-19,18420.44921875,50.38999938964844,46.41999816894531
2022-12-20,18385.30078125,50.439998626708984,46.75
2022-12-21,18199.099609375,50.31999969482422,46.86000061035156
2022-12-22,18127.349609375,50.34000015258789,46.869998931884766
2022-12-23,17806.80078125,50.220001220703125,46.689998626708984
2022-12-26,18014.599609375,50.25,46.689998626708984
2022-12-27,18132.30078125,50.27000045776367,46.869998931884766
2022-12-28,18122.5,50.27000045776367,46.54999923706055
2022-12-29,18191.0,50.2599983215332,46.61000061035156
2022-12-30,18105.30078125,50.2599983215332,46.790000915527344
2023-01-02,18197.44921875,50.2400016784668,47.16999816894531
2023-01-03,18232.55078125,50.33000183105469,47.630001068115234
2023-01-04,18042.94921875,50.29999923706055,48.06999969482422
2023-01-05,17992.150390625,50.34000015258789,47.779998779296875
2023-01-06,17859.44921875,50.290000915527344,47.5
2023-01-09,18101.19921875,50.400001525878906,48.11000061035156
2023-01-10,17914.150390625,50.47999954223633,47.959999084472656
2023-01-11,17895.69921875,50.52000045776367,48.02000045776367
2023-01-12,17858.19921875,50.56999969482422,47.95000076293945
2023-01-13,17956.599609375,50.59000015258789,48.22999954223633
2023-01-16,17894.849609375,50.560001373291016,48.70000076293945
2023-01-17,18053.30078125,50.540000915527344,48.5
2023-01-18,18165.349609375,50.58000183105469,48.459999084472656
2023-01-19,18107.849609375,50.689998626708984,48.5
2023-01-20,18027.650390625,50.630001068115234,48.7599983215332
2023-01-23,18118.55078125,50.70000076293945,48.77000045776367
2023-01-24,18118.30078125,50.70000076293945,48.90999984741211
2023-01-25,17891.94921875,50.79999923706055,48.7599983215332
2023-01-27,17604.349609375,50.720001220703125,48.779998779296875
2023-01-30,17648.94921875,50.619998931884766,48.77000045776367
2023-01-31,17662.150390625,50.619998931884766,48.66999816894531
2023-02-01,17616.30078125,50.75,49.40999984741211
2023-02-02,17610.400390625,50.810001373291016,50.470001220703125
2023-02-03,17854.05078125,50.900001525878906,49.41999816894531
2023-02-06,17764.599609375,50.88999938964844,49.040000915527344
2023-02-07,17721.5,50.90999984741211,49.06999969482422
2023-02-08,17871.69921875,50.79999923706055,49.20000076293945
2023-02-09,17893.44921875,50.7599983215332,49.11000061035156
2023-02-10,17856.5,50.720001220703125,48.65999984741211
2023-02-13,17770.900390625,50.68000030517578,48.66999816894531
2023-02-14,17929.849609375,50.650001525878906,48.790000915527344
2023-02-15,18015.849609375,50.61000061035156,48.15999984741211
2023-02-16,18035.849609375,50.7400016784668,48.18000030517578
2023-02-17,17944.19921875,50.709999084472656,47.95000076293945
2023-02-20,17844.599609375,50.75,48.380001068115234
2023-02-21,17826.69921875,50.720001220703125,48.2599983215332
2023-02-22,17554.30078125,50.65999984741211,48.15999984741211
2023-02-23,17511.25,50.72999954223633,47.86000061035156
2023-02-24,17465.80078125,50.66999816894531,47.779998779296875
2023-02-27,17392.69921875,50.689998626708984,47.439998626708984
2023-02-28,17303.94921875,50.650001525878906,47.40999984741211
2023-03-01,17450.900390625,50.70000076293945,47.77000045776367
2023-03-02,17321.900390625,50.709999084472656,47.810001373291016
2023-03-03,17594.349609375,50.65999984741211,47.81999969482422
2023-03-06,17711.44921875,50.79999923706055,47.83000183105469
2023-03-08,17754.400390625,50.709999084472656,47.119998931884766
2023-03-09,17589.599609375,50.720001220703125,47.06999969482422
2023-03-10,17412.900390625,50.849998474121094,47.43000030517578
2023-03-13,17154.30078125,51.029998779296875,48.81999969482422
2023-03-14,17043.30078125,50.97999954223633,49.130001068115234
2023-03-15,16972.150390625,51.040000915527344,48.93000030517578
2023-03-16,16985.599609375,51.040000915527344,49.70000076293945
2023-03-17,17100.05078125,51.06999969482422,49.75
2023-03-20,16988.400390625,51.15999984741211,50.90999984741211
2023-03-21,17107.5,51.150001525878906,50.47999954223633
2023-03-22,17151.900390625,51.18000030517578,50.040000915527344
2023-03-23,17076.900390625,51.2400016784668,50.36000061035156
2023-03-24,16945.05078125,51.25,50.900001525878906
2023-03-27,16985.69921875,51.31999969482422,50.400001525878906
2023-03-28,16951.69921875,51.369998931884766,50.40999984741211
2023-03-29,17080.69921875,51.470001220703125,50.689998626708984
2023-03-31,17359.75,51.439998626708984,51.06999969482422
2023-04-03,17398.05078125,51.38999938964844,50.79999923706055
2023-04-05,17557.05078125,51.38999938964844,51.86000061035156
2023-04-06,17599.150390625,51.54999923706055,51.810001373291016
2023-04-10,17624.05078125,51.689998626708984,51.380001068115234
2023-04-11,17722.30078125,51.689998626708984,51.54999923706055
2023-04-12,17812.400390625,51.689998626708984,51.720001220703125
2023-04-13,17828.0,51.72999954223633,51.939998626708984
2023-04-17,17706.849609375,51.65999984741211,51.70000076293945
2023-04-18,17660.150390625,51.720001220703125,51.52000045776367
2023-04-19,17618.75,51.720001220703125,51.119998931884766
2023-04-20,17624.44921875,51.7599983215332,51.63999938964844
2023-04-21,17624.05078125,51.880001068115234,51.290000915527344
2023-04-24,17743.400390625,51.900001525878906,51.2599983215332
2023-04-25,17769.25,51.90999984741211,51.31999969482422
2023-04-26,17813.599609375,51.90999984741211,51.47999954223633
2023-04-27,17915.05078125,51.93000030517578,51.470001220703125
2023-04-28,18065.0,51.90999984741211,51.25
2023-05-02,18147.650390625,51.90999984741211,51.310001373291016
2023-05-03,18089.849609375,52.02000045776367,52.060001373291016
2023-05-04,18255.80078125,52.040000915527344,52.5099983215332
2023-05-05,18069.0,52.02000045776367,52.5
2023-05-08,18264.400390625,52.099998474121094,52.16999816894531
2023-05-09,18265.94921875,52.060001373291016,52.369998931884766
2023-05-10,18315.099609375,52.04999923706055,52.43000030517578
2023-05-11,18297.0,52.08000183105469,52.369998931884766
2023-05-12,18314.80078125,52.09000015258789,51.90999984741211
2023-05-15,18398.849609375,52.220001220703125,52.279998779296875
2023-05-16,18286.5,52.2599983215332,52.04999923706055
2023-05-17,18181.75,52.310001373291016,51.619998931884766
2023-05-18,18129.94921875,52.31999969482422,51.59000015258789
2023-05-19,18203.400390625,52.349998474121094,51.439998626708984
2023-05-22,18314.400390625,52.41999816894531,51.97999954223633
2023-05-23,18348.0,52.36000061035156,51.43000030517578
2023-05-24,18285.400390625,52.38999938964844,51.75
2023-05-25,18321.150390625,52.369998931884766,51.45000076293945
2023-05-26,18499.349609375,52.40999984741211,51.33000183105469
2023-05-29,18598.650390625,52.36000061035156,51.18000030517578
2023-05-30,18633.849609375,52.369998931884766,51.13999938964844
2023-05-31,18534.400390625,52.45000076293945,51.130001068115234
2023-06-01,18487.75,52.47999954223633,50.9900016784668
2023-06-02,18534.099609375,52.560001373291016,51.31999969482422
2023-06-05,18593.849609375,52.5,50.720001220703125
2023-06-06,18599.0,52.5099983215332,51.06999969482422
2023-06-07,18726.400390625,52.529998779296875,50.9900016784668
2023-06-08,18634.55078125,52.459999084472656,50.70000076293945
2023-06-09,18563.400390625,52.41999816894531,50.959999084472656
2023-06-12,18601.5,52.4900016784668,50.93000030517578
2023-06-13,18716.150390625,52.529998779296875,50.88999938964844
2023-06-14,18755.900390625,52.5099983215332,50.560001373291016
2023-06-15,18688.099609375,52.47999954223633,50.15999984741211
2023-06-16,18826.0,52.5099983215332,50.65999984741211
2023-06-19,18755.44921875,52.54999923706055,50.529998779296875
2023-06-20,18816.69921875,52.5099983215332,50.4900016784668
2023-06-21,18856.849609375,52.5,50.09000015258789
2023-06-22,18771.25,52.47999954223633,49.86000061035156
2023-06-23,18665.5,52.470001220703125,49.75
2023-06-26,18691.19921875,52.5099983215332,49.9900016784668
2023-06-27,18817.400390625,52.529998779296875,49.79999923706055
2023-06-28,18972.099609375,52.54999923706055,49.54999923706055
2023-06-30,19189.05078125,52.47999954223633,49.310001373291016
2023-07-03,19322.55078125,52.45000076293945,49.560001373291016
2023-07-04,19389.0,52.439998626708984,49.880001068115234
2023-07-05,19398.5,52.43000030517578,49.97999954223633
2023-07-06,19497.30078125,52.38999938964844,49.900001525878906
2023-07-07,19331.80078125,52.40999984741211,50.02000045776367
2023-07-10,19355.900390625,52.36000061035156,50.029998779296875
2023-07-11,19439.400390625,52.4900016784668,50.15999984741211
2023-07-12,19384.30078125,52.4900016784668,50.099998474121094
2023-07-13,19413.75,52.56999969482422,50.52000045776367
2023-07-14,19564.5,52.56999969482422,50.59000015258789
2023-07-17,19711.44921875,52.59000015258789,50.4900016784668
2023-07-18,19749.25,52.68000030517578,50.65999984741211
2023-07-19,19833.150390625,52.70000076293945,51.02000045776367
2023-07-20,19979.150390625,52.63999938964844,51.08000183105469
2023-07-21,19745.0,52.619998931884766,50.650001525878906
2023-07-24,19672.349609375,52.68000030517578,50.650001525878906
2023-07-25,19680.599609375,52.61000061035156,50.58000183105469
2023-07-26,19778.30078125,52.650001525878906,50.84000015258789
2023-07-27,19659.900390625,52.61000061035156,50.93000030517578
2023-07-28,19646.05078125,52.56999969482422,50.66999816894531
2023-07-31,19753.80078125,52.540000915527344,50.65999984741211
2023-08-01,19733.55078125,52.59000015258789,50.689998626708984
2023-08-02,19526.55078125,52.59000015258789,50.68000030517578
2023-08-03,19381.650390625,52.560001373291016,50.540000915527344
2023-08-04,19517.0,52.5099983215332,50.5
2023-08-07,19597.30078125,52.599998474121094,50.4900016784668
2023-08-08,19570.849609375,52.63999938964844,50.560001373291016
2023-08-09,19632.55078125,52.65999984741211,50.369998931884766
2023-08-10,19543.099609375,52.63999938964844,50.22999954223633
2023-08-11,19428.30078125,52.65999984741211,50.130001068115234
2023-08-14,19434.55078125,52.650001525878906,50.09000015258789
2023-08-16,19465.0,52.650001525878906,50.11000061035156
2023-08-17,19365.25,52.59000015258789,49.81999969482422
2023-08-18,19310.150390625,52.619998931884766,49.75
2023-08-21,19393.599609375,52.68000030517578,49.68000030517578
2023-08-22,19396.44921875,52.66999816894531,49.900001525878906
2023-08-23,19444.0,52.77000045776367,49.810001373291016
2023-08-24,19386.69921875,52.77000045776367,50.029998779296875
2023-08-25,19265.80078125,52.779998779296875,49.939998626708984
2023-08-28,19306.05078125,52.849998474121094,49.79999923706055
2023-08-29,19342.650390625,52.84000015258789,49.97999954223633
2023-08-30,19347.44921875,52.810001373291016,50.34000015258789
2023-08-31,19253.80078125,52.869998931884766,50.349998474121094
2023-09-01,19435.30078125,52.849998474121094,50.369998931884766
2023-09-04,19528.80078125,52.88999938964844,50.439998626708984
2023-09-05,19574.900390625,52.86000061035156,50.349998474121094
2023-09-06,19611.05078125,52.849998474121094,50.310001373291016
2023-09-07,19727.05078125,52.939998626708984,50.16999816894531
2023-09-08,19819.94921875,52.900001525878906,50.209999084472656
2023-09-11,19996.349609375,52.79999923706055,50.15999984741211
2023-09-12,19993.19921875,52.970001220703125,50.02000045776367
2023-09-13,20070.0,52.959999084472656,49.880001068115234
2023-09-14,20103.099609375,53.13999938964844,49.880001068115234
2023-09-15,20192.349609375,53.08000183105469,50.119998931884766
2023-09-18,20133.30078125,53.029998779296875,50.439998626708984
2023-09-20,19901.400390625,53.04999923706055,50.380001068115234
2023-09-21,19742.349609375,53.02000045776367,50.27000045776367
2023-09-22,19674.25,53.099998474121094,50.220001220703125
2023-09-25,19674.55078125,53.08000183105469,50.220001220703125
2023-09-26,19664.69921875,53.06999969482422,50.02000045776367
2023-09-27,19716.44921875,53.130001068115234,49.70000076293945
2023-09-28,19523.55078125,53.02000045776367,49.369998931884766
2023-09-29,19638.30078125,53.040000915527344,49.290000915527344
2023-10-03,19528.75,53.060001373291016,48.83000183105469
2023-10-04,19436.099609375,53.0099983215332,48.36000061035156
2023-10-05,19545.75,53.060001373291016,48.25
2023-10-06,19653.5,52.97999954223633,48.380001068115234
2023-10-09,19512.349609375,52.83000183105469,48.880001068115234
2023-10-10,19689.849609375,52.849998474121094,48.93000030517578
2023-10-11,19811.349609375,52.939998626708984,49.16999816894531
2023-10-12,19794.0,52.97999954223633,49.38999938964844
2023-10-13,19751.05078125,52.97999954223633,49.4900016784668
2023-10-16,19731.75,53.040000915527344,50.25
2023-10-17,19811.5,53.04999923706055,50.310001373291016
2023-10-18,19671.099609375,53.0,50.779998779296875
2023-10-19,19624.69921875,52.959999084472656,50.90999984741211
2023-10-20,19542.650390625,53.029998779296875,51.59000015258789
2023-10-23,19281.75,52.9900016784668,51.540000915527344
2023-10-25,19122.150390625,53.099998474121094,51.40999984741211
2023-10-26,18857.25,53.06999969482422,51.83000183105469
2023-10-27,19047.25,53.150001525878906,51.63999938964844
2023-10-30,19140.900390625,53.119998931884766,52.02000045776367
2023-10-31,19079.599609375,53.15999984741211,52.060001373291016
2023-11-01,18989.150390625,53.150001525878906,51.7599983215332
2023-11-02,19133.25,53.20000076293945,51.849998474121094
2023-11-03,19230.599609375,53.29999923706055,51.79999923706055
2023-11-06,19411.75,53.349998474121094,51.75
2023-11-07,19406.69921875,53.380001068115234,51.36000061035156
2023-11-08,19443.5,53.41999816894531,51.400001525878906
2023-11-09,19395.30078125,53.439998626708984,50.939998626708984
2023-11-10,19425.349609375,53.40999984741211,51.310001373291016
2023-11-13,19443.55078125,53.40999984741211,50.93000030517578
2023-11-15,19675.44921875,53.540000915527344,51.459999084472656
2023-11-16,19765.19921875,53.58000183105469,51.38999938964844
2023-11-17,19731.80078125,53.619998931884766,51.86000061035156
2023-11-20,19694.0,53.61000061035156,51.65999984741211
2023-11-21,19783.400390625,53.54999923706055,51.880001068115234
2023-11-22,19811.849609375,53.52000045776367,52.16999816894531
2023-11-23,19802.0,53.560001373291016,52.02000045776367
2023-11-24,19794.69921875,53.54999923706055,52.150001525878906
2023-11-28,19889.69921875,53.58000183105469,52.29999923706055
2023-11-29,20096.599609375,53.61000061035156,53.04999923706055
2023-11-30,20133.150390625,53.58000183105469,53.150001525878906
2023-12-01,20267.900390625,53.54999923706055,53.290000915527344
2023-12-04,20686.80078125,53.630001068115234,53.720001220703125
2023-12-05,20855.099609375,53.650001525878906,52.939998626708984
2023-12-06,20937.69921875,53.70000076293945,52.83000183105469
2023-12-07,20901.150390625,53.720001220703125,53.029998779296875
2023-12-08,20969.400390625,53.79999923706055,52.939998626708984
2023-12-11,20997.099609375,53.7400016784668,52.02000045776367
2023-12-12,20906.400390625,53.75,51.849998474121094
2023-12-13,20926.349609375,53.77000045776367,51.83000183105469
2023-12-14,21182.69921875,53.959999084472656,52.79999923706055
2023-12-15,21456.650390625,54.150001525878906,52.810001373291016
2023-12-18,21418.650390625,54.099998474121094,52.4900016784668
2023-12-19,21453.099609375,54.11000061035156,52.59000015258789
2023-12-20,21150.150390625,54.150001525878906,52.83000183105469
2023-12-21,21255.05078125,54.150001525878906,52.86000061035156
2023-12-22,21349.400390625,54.16999816894531,53.189998626708984
2023-12-26,21441.349609375,54.20000076293945,53.459999084472656
2023-12-27,21654.75,54.209999084472656,53.630001068115234
2023-12-28,21778.69921875,54.22999954223633,53.84000015258789
2023-12-29,21731.400390625,54.31999969482422,53.65999984741211
2024-01-01,21741.900390625,54.2400016784668,53.7400016784668
2024-01-02,21665.80078125,54.25,54.0099983215332
2024-01-03,21517.349609375,54.290000915527344,53.529998779296875
2024-01-04,21658.599609375,54.33000183105469,53.290000915527344
2024-01-05,21710.80078125,54.2599983215332,53.13999938964844
2024-01-08,21513.0,54.29999923706055,52.849998474121094
2024-01-09,21544.849609375,54.36000061035156,53.02000045776367
2024-01-10,21618.69921875,54.36000061035156,52.91999816894531
2024-01-11,21647.19921875,54.41999816894531,52.84000015258789
2024-01-12,21894.55078125,54.47999954223633,52.9900016784668
2024-01-15,22097.44921875,54.47999954223633,53.25
2024-01-16,22032.30078125,54.52000045776367,53.04999923706055
2024-01-17,21571.94921875,54.4900016784668,52.66999816894531
2024-01-18,21462.25,54.5099983215332,52.4900016784668
2024-01-19,21622.400390625,54.540000915527344,52.84000015258789
2024-01-23,21238.80078125,54.540000915527344,52.86000061035156
2024-01-24,21453.94921875,54.59000015258789,52.90999984741211
2024-01-25,21352.599609375,54.56999969482422,52.720001220703125
2024-01-29,21737.599609375,54.599998474121094,52.970001220703125
2024-01-30,21522.099609375,54.63999938964844,53.130001068115234
2024-01-31,21725.69921875,54.689998626708984,53.349998474121094
2024-02-01,21697.44921875,54.77000045776367,53.459999084472656
2024-02-02,21853.80078125,54.81999969482422,53.58000183105469
2024-02-05,21771.69921875,54.77000045776367,52.97999954223633
2024-02-06,21929.400390625,54.779998779296875,52.939998626708984
2024-02-07,21930.5,54.77000045776367,53.209999084472656
2024-02-08,21717.94921875,54.7599983215332,53.04999923706055
2024-02-09,21782.5,54.72999954223633,53.04999923706055
2024-02-12,21616.05078125,54.72999954223633,52.790000915527344
2024-02-13,21743.25,54.70000076293945,52.810001373291016
2024-02-14,21840.05078125,54.66999816894531,52.099998474121094
2024-02-15,21910.75,54.689998626708984,52.16999816894531
2024-02-16,22040.69921875,54.79999923706055,52.349998474121094
2024-02-19,22122.25,54.77000045776367,52.63999938964844
2024-02-20,22196.94921875,54.779998779296875,52.560001373291016
2024-02-21,22055.05078125,54.88999938964844,52.63999938964844
2024-02-22,22217.44921875,54.88999938964844,52.720001220703125
2024-02-23,22212.69921875,54.84000015258789,52.439998626708984
2024-02-26,22122.05078125,54.900001525878906,52.709999084472656
2024-02-27,22198.349609375,54.91999816894531,52.790000915527344
2024-02-28,21951.150390625,54.91999816894531,52.599998474121094
2024-02-29,21982.80078125,54.939998626708984,52.779998779296875
2024-03-01,22338.75,54.95000076293945,52.900001525878906
2024-03-04,22405.599609375,54.9900016784668,53.88999938964844
2024-03-05,22356.30078125,55.0,54.619998931884766
2024-03-06,22474.05078125,55.029998779296875,54.720001220703125
2024-03-07,22493.55078125,55.08000183105469,55.439998626708984
2024-03-11,22332.650390625,55.150001525878906,56.0099983215332
2024-03-12,22335.69921875,55.099998474121094,55.939998626708984
2024-03-13,21997.69921875,55.119998931884766,55.470001220703125
2024-03-14,22146.650390625,55.06999969482422,55.84000015258789
2024-03-15,22023.349609375,55.060001373291016,55.72999954223633
2024-03-18,22055.69921875,55.06999969482422,55.5
2024-03-19,21817.44921875,55.08000183105469,55.61000061035156
2024-03-20,21839.099609375,55.06999969482422,55.720001220703125
2024-03-21,22011.94921875,55.099998474121094,56.70000076293945
2024-03-22,22096.75,55.099998474121094,55.9900016784668
2024-03-26,22004.69921875,55.06999969482422,56.29999923706055
2024-03-27,22123.650390625,55.13999938964844,56.220001220703125
2024-03-28,22326.900390625,55.290000915527344,56.61000061035156
2024-04-01,22462.0,55.189998626708984,58.31999969482422
2024-04-02,22453.30078125,55.099998474121094,58.63999938964844
2024-04-03,22434.650390625,55.119998931884766,58.77000045776367
2024-04-04,22514.650390625,55.27000045776367,59.18000030517578
2024-04-05,22513.69921875,55.279998779296875,59.029998779296875
2024-04-08,22666.30078125,55.09000015258789,60.209999084472656
2024-04-09,22642.75,55.119998931884766,60.54999923706055
2024-04-10,22753.80078125,55.20000076293945,60.619998931884766
2024-04-12,22519.400390625,55.16999816894531,61.90999984741211
2024-04-15,22272.5,55.29999923706055,61.22999954223633
2024-04-16,22147.900390625,55.27000045776367,61.88999938964844
2024-04-18,21995.849609375,55.27000045776367,61.959999084472656
2024-04-19,22147.0,55.16999816894531,62.2400016784668
2024-04-22,22336.400390625,55.119998931884766,61.7400016784668
2024-04-23,22368.0,55.209999084472656,60.25
2024-04-24,22402.400390625,55.22999954223633,60.72999954223633
2024-04-25,22570.349609375,55.220001220703125,60.86000061035156
2024-04-26,22419.94921875,55.209999084472656,61.33000183105469
2024-04-29,22643.400390625,55.27000045776367,61.29999923706055
2024-04-30,22604.849609375,55.2599983215332,60.880001068115234
2024-05-02,22648.19921875,55.369998931884766,60.849998474121094
2024-05-03,22475.849609375,55.43000030517578,60.47999954223633
2024-05-06,22442.69921875,55.529998779296875,60.720001220703125
2024-05-07,22302.5,55.59000015258789,60.68000030517578
2024-05-08,22302.5,55.54999923706055,60.5
2024-05-09,21957.5,55.540000915527344,60.41999816894531
2024-05-10,22055.19921875,55.650001525878906,61.91999816894531
2024-05-13,22104.05078125,55.650001525878906,61.150001525878906
2024-05-14,22217.849609375,55.619998931884766,61.189998626708984
2024-05-15,22200.55078125,55.619998931884766,61.709999084472656
2024-05-16,22403.849609375,55.7400016784668,62.0
2024-05-17,22466.099609375,55.79999923706055,61.959999084472656
2024-05-21,22529.05078125,55.790000915527344,62.630001068115234
2024-05-22,22597.80078125,55.93000030517578,62.68000030517578
2024-05-23,22967.650390625,56.02000045776367,61.619998931884766
2024-05-24,22957.099609375,55.970001220703125,60.88999938964844
2024-05-27,22932.44921875,56.040000915527344,61.0
2024-05-28,22888.150390625,56.0,61.119998931884766
2024-05-29,22704.69921875,55.880001068115234,61.20000076293945
2024-05-30,22488.650390625,55.91999816894531,60.7400016784668
2024-05-31,22530.69921875,55.939998626708984,61.290000915527344
2024-06-03,23263.900390625,55.95000076293945,60.59000015258789
2024-06-04,21884.5,55.70000076293945,60.560001373291016
2024-06-05,22620.349609375,55.790000915527344,60.68000030517578
2024-06-06,22821.400390625,56.060001373291016,61.45000076293945
2024-06-07,23290.150390625,56.11000061035156,61.09000015258789
2024-06-10,23259.19921875,56.09000015258789,60.130001068115234
2024-06-11,23264.849609375,55.939998626708984,60.41999816894531
2024-06-12,23322.94921875,56.0,60.59000015258789
2024-06-13,23398.900390625,56.16999816894531,60.59000015258789
2024-06-14,23465.599609375,56.2599983215332,60.599998474121094
2024-06-18,23557.900390625,56.20000076293945,60.33000183105469
2024-06-19,23516.0,56.31999969482422,60.709999084472656
2024-06-20,23567.0,56.220001220703125,61.029998779296875
2024-06-21,23501.099609375,56.27000045776367,61.529998779296875
2024-06-24,23537.849609375,56.29999923706055,60.619998931884766
2024-06-25,23721.30078125,56.220001220703125,60.75
2024-06-26,23868.80078125,56.2599983215332,60.459999084472656
2024-06-27,24044.5,56.189998626708984,60.31999969482422
2024-06-28,24010.599609375,56.25,60.630001068115234
2024-07-01,24141.94921875,56.290000915527344,60.54999923706055
2024-07-02,24123.849609375,56.349998474121094,60.720001220703125
2024-07-03,24286.5,56.349998474121094,61.06999969482422
2024-07-04,24302.150390625,56.459999084472656,61.290000915527344
2024-07-05,24323.849609375,56.47999954223633,61.47999954223633
2024-07-08,24320.55078125,56.45000076293945,61.56999969482422
2024-07-09,24433.19921875,56.47999954223633,61.380001068115234
2024-07-10,24324.44921875,56.5099983215332,61.540000915527344
2024-07-11,24315.94921875,56.540000915527344,61.68000030517578
2024-07-12,24502.150390625,56.5,61.88999938964844
2024-07-15,24586.69921875,56.529998779296875,61.91999816894531
2024-07-16,24613.0,56.61000061035156,62.439998626708984
2024-07-18,24800.849609375,56.689998626708984,62.90999984741211
2024-07-19,24530.900390625,56.72999954223633,62.40999984741211
2024-07-22,24509.25,56.66999816894531,62.08000183105469
2024-07-23,24479.05078125,56.70000076293945,60.15999984741211
2024-07-24,24413.5,56.77000045776367,59.599998474121094
2024-07-25,24406.099609375,56.79999923706055,59.369998931884766
2024-07-26,24834.849609375,57.099998474121094,59.9900016784668
2024-07-29,24836.099609375,57.060001373291016,58.779998779296875
2024-07-30,24857.30078125,57.02000045776367,58.349998474121094
2024-07-31,24951.150390625,57.06999969482422,58.68000030517578
2024-08-01,25010.900390625,57.16999816894531,59.09000015258789
2024-08-02,24717.69921875,57.34000015258789,59.66999816894531
2024-08-05,24055.599609375,57.41999816894531,58.7400016784668
2024-08-06,23992.55078125,57.33000183105469,58.619998931884766
2024-08-07,24297.5,57.29999923706055,58.20000076293945
2024-08-08,24117.0,57.349998474121094,58.09000015258789
2024-08-09,24367.5,57.29999923706055,58.65999984741211
2024-08-12,24347.0,57.38999938964844,59.02000045776367
2024-08-13,24139.0,57.33000183105469,59.400001525878906
2024-08-14,24143.75,57.459999084472656,59.61000061035156
2024-08-16,24541.150390625,57.439998626708984,59.470001220703125
2024-08-19,24572.650390625,57.5,60.34000015258789
2024-08-20,24698.849609375,57.540000915527344,60.66999816894531
2024-08-21,24770.19921875,57.5099983215332,60.380001068115234
2024-08-22,24811.5,57.529998779296875,60.45000076293945
2024-08-23,24823.150390625,57.56999969482422,60.25
2024-08-26,25010.599609375,57.4900016784668,60.83000183105469
2024-08-27,25017.75,57.540000915527344,60.54999923706055
2024-08-28,25052.349609375,57.5,60.54999923706055
2024-08-29,25151.94921875,57.790000915527344,60.56999969482422
2024-08-30,25235.900390625,57.54999923706055,60.65999984741211
2024-09-02,25278.69921875,57.38999938964844,60.25
2024-09-03,25279.849609375,57.459999084472656,60.36000061035156
2024-09-04,25198.69921875,57.540000915527344,59.83000183105469
2024-09-05,25145.099609375,57.59000015258789,60.54999923706055
2024-09-06,24852.150390625,57.560001373291016,60.65999984741211
2024-09-09,24936.400390625,57.54999923706055,60.15999984741211
2024-09-10,25041.099609375,57.59000015258789,60.36000061035156
2024-09-11,24918.44921875,57.66999816894531,60.709999084472656
2024-09-12,25388.900390625,57.70000076293945,60.61000061035156
2024-09-13,25356.5,57.81999969482422,61.63999938964844
2024-09-16,25383.75,57.79999923706055,62.04999923706055
2024-09-17,25418.55078125,57.84000015258789,61.77000045776367
2024-09-18,25377.55078125,57.849998474121094,61.68000030517578
2024-09-19,25415.80078125,57.869998931884766,62.189998626708984
2024-09-20,25790.94921875,57.83000183105469,62.43000030517578
2024-09-23,25939.05078125,57.91999816894531,62.810001373291016
2024-09-24,25940.400390625,58.54999923706055,62.9900016784668
2024-09-25,26004.150390625,58.04999923706055,63.65999984741211
2024-09-26,26216.05078125,58.130001068115234,63.77000045776367
2024-09-27,26178.94921875,58.220001220703125,63.47999954223633
2024-09-30,25810.849609375,58.18000030517578,63.54999923706055
2024-10-01,25796.900390625,58.04999923706055,63.59000015258789
2024-10-03,25250.099609375,57.9900016784668,63.689998626708984
2024-10-04,25014.599609375,57.83000183105469,63.9900016784668
2024-10-07,24795.75,57.880001068115234,63.810001373291016
2024-10-08,25013.150390625,58.040000915527344,63.45000076293945
2024-10-09,24981.94921875,58.099998474121094,63.02000045776367
2024-10-10,24998.44921875,58.130001068115234,63.0099983215332
2024-10-11,24964.25,58.189998626708984,63.540000915527344
2024-10-14,25127.94921875,58.08000183105469,63.97999954223633
2024-10-15,25057.349609375,58.15999984741211,63.86000061035156
2024-10-16,24971.30078125,58.20000076293945,64.44000244140625
2024-10-17,24749.849609375,58.18000030517578,64.44000244140625
2024-10-18,24854.05078125,58.08000183105469,65.18000030517578
2024-10-21,24781.099609375,58.119998931884766,65.79000091552734
2024-10-22,24472.099609375,58.11000061035156,65.7300033569336
2024-10-23,24435.5,58.0,66.16000366210938
2024-10-24,24399.400390625,58.099998474121094,65.75
2024-10-25,24180.80078125,58.189998626708984,65.44999694824219
2024-10-28,24339.150390625,58.119998931884766,65.77999877929688
2024-10-29,24466.849609375,58.029998779296875,66.30000305175781
2024-10-30,24340.849609375,58.060001373291016,67.0199966430664
2024-10-31,24205.349609375,58.08000183105469,66.91999816894531
2024-11-01,24304.349609375,58.08000183105469,66.91999816894531
2024-11-04,23995.349609375,58.189998626708984,66.0199966430664
2024-11-05,24213.30078125,58.16999816894531,65.94000244140625
2024-11-06,24484.05078125,58.209999084472656,65.58999633789062
2024-11-07,24199.349609375,58.2599983215332,64.33000183105469
2024-11-08,24148.19921875,58.209999084472656,65.0
2024-11-11,24141.30078125,58.2599983215332,64.48999786376953
2024-11-12,23883.44921875,58.27000045776367,62.84000015258789
2024-11-13,23559.05078125,58.13999938964844,63.25
2024-11-14,23532.69921875,58.31999969482422,61.790000915527344
2024-11-18,23453.80078125,58.31999969482422,62.900001525878906
2024-11-19,23518.5,58.33000183105469,63.720001220703125
2024-11-21,23349.900390625,58.310001373291016,64.56999969482422
2024-11-22,23907.25,58.34000015258789,65.33000183105469
2024-11-25,24221.900390625,58.36000061035156,64.37999725341797
2024-11-26,24194.5,58.40999984741211,63.38999938964844
2024-11-27,24274.900390625,58.400001525878906,63.959999084472656
2024-11-28,23914.150390625,58.470001220703125,64.04000091552734
2024-11-29,24131.099609375,58.540000915527344,64.29000091552734
2024-12-02,24276.05078125,58.79999923706055,63.7599983215332
2024-12-03,24457.150390625,58.810001373291016,64.05999755859375
2024-12-04,24467.44921875,58.83000183105469,64.01000213623047
2024-12-05,24708.400390625,58.86000061035156,64.05999755859375
2024-12-06,24677.80078125,58.810001373291016,63.9900016784668
2024-12-09,24619.0,58.709999084472656,64.29000091552734
2024-12-10,24610.05078125,59.15999984741211,64.66999816894531
2024-12-11,24641.80078125,58.84000015258789,65.04000091552734
2024-12-12,24548.69921875,58.70000076293945,65.48999786376953
2024-12-13,24768.30078125,58.72999954223633,64.61000061035156
2024-12-16,24668.25,58.779998779296875,64.4800033569336
2024-12-17,24336.0,58.75,64.0999984741211
2024-12-18,24198.849609375,58.72999954223633,64.37999725341797
2024-12-19,23951.69921875,58.66999816894531,63.779998779296875
2024-12-20,23587.5,58.65999984741211,63.31999969482422
2024-12-23,23753.44921875,58.709999084472656,63.970001220703125
2024-12-24,23727.650390625,58.7400016784668,63.68000030517578
2024-12-26,23750.19921875,58.72999954223633,64.0
2024-12-27,23813.400390625,58.95000076293945,64.20999908447266
2024-12-30,23644.900390625,58.77000045776367,64.0
2024-12-31,23644.80078125,58.7599983215332,64.08999633789062
2025-01-01,23742.900390625,58.72999954223633,64.3499984741211
2025-01-02,24188.650390625,58.75,64.5999984741211
2025-01-03,24004.75,58.95000076293945,65.06999969482422
2025-01-06,23616.05078125,58.849998474121094,64.61000061035156
2025-01-07,23707.900390625,59.02000045776367,64.7699966430664
2025-01-08,23688.94921875,58.959999084472656,65.12000274658203
2025-01-09,23526.5,59.0,65.4000015258789
2025-01-10,23431.5,58.97999954223633,65.93000030517578
2025-01-13,23085.94921875,58.720001220703125,66.25
2025-01-14,23176.05078125,58.720001220703125,66.04000091552734
2025-01-15,23213.19921875,58.88999938964844,66.26000213623047
2025-01-16,23311.80078125,59.099998474121094,66.58999633789062
2025-01-17,23203.19921875,59.2400016784668,66.66000366210938
2025-01-20,23344.75,59.15999984741211,66.58999633789062
2025-01-21,23024.650390625,59.09000015258789,66.94999694824219
2025-01-22,23155.349609375,59.15999984741211,67.62000274658203
2025-01-23,23205.349609375,59.25,67.43000030517578
2025-01-24,23092.19921875,59.34000015258789,67.7699966430664
2025-01-27,22829.150390625,59.290000915527344,67.69000244140625
2025-01-28,22957.25,59.369998931884766,67.58000183105469
2025-01-29,23163.099609375,59.33000183105469,67.86000061035156
2025-01-30,23249.5,59.36000061035156,68.08999633789062
2025-01-31,23508.400390625,59.36000061035156,69.08000183105469
2025-02-01,23482.150390625,59.20000076293945,68.94999694824219
2025-02-03,23361.05078125,59.40999984741211,69.63999938964844
2025-02-04,23739.25,59.38999938964844,70.08000183105469
2025-02-05,23696.30078125,59.41999816894531,71.56999969482422
2025-02-06,23603.349609375,59.45000076293945,71.43000030517578
2025-02-07,23559.94921875,59.400001525878906,71.54000091552734
2025-02-10,23381.599609375,59.5099983215332,72.5199966430664
2025-02-11,23071.80078125,59.41999816894531,71.9800033569336
2025-02-12,23045.25,59.45000076293945,71.47000122070312
2025-02-13,23031.400390625,59.31999969482422,71.87000274658203
2025-02-14,22929.25,59.459999084472656,72.22000122070312
2025-02-17,22959.5,59.560001373291016,71.6500015258789
2025-02-18,22945.30078125,59.58000183105469,71.9800033569336
2025-02-19,22932.900390625,59.529998779296875,72.7300033569336
2025-02-20,22913.150390625,59.5099983215332,72.48999786376953
2025-02-21,22795.900390625,59.459999084472656,72.08000183105469
2025-02-24,22553.349609375,59.529998779296875,72.5999984741211
2025-02-25,22547.55078125,59.599998474121094,72.75
2025-02-27,22545.05078125,59.66999816894531,71.87999725341797
2025-02-28,22124.69921875,60.25,71.0999984741211
2025-03-03,22119.30078125,59.630001068115234,71.36000061035156
2025-03-04,22082.650390625,59.7400016784668,72.41999816894531
2025-03-05,22337.30078125,59.779998779296875,72.2699966430664
2025-03-06,22544.69921875,59.900001525878906,71.88999938964844
2025-03-07,22552.5,59.90999984741211,72.20999908447266
2025-03-10,22460.30078125,59.810001373291016,72.16999816894531
2025-03-11,22497.900390625,59.7599983215332,72.08000183105469
2025-03-12,22470.5,59.79999923706055,72.31999969482422
2025-03-13,22397.19921875,59.849998474121094,72.81999969482422
2025-03-17,22508.75,59.83000183105469,73.52999877929688
2025-03-18,22834.30078125,59.83000183105469,73.52999877929688
2025-03-19,22907.599609375,59.93000030517578,74.25
2025-03-20,23190.650390625,59.970001220703125,74.48999786376953
2025-03-21,23350.400390625,60.099998474121094,73.94999694824219
2025-03-24,23658.349609375,60.040000915527344,73.0
2025-03-25,23668.650390625,60.08000183105469,73.2300033569336
2025-03-26,23486.849609375,60.09000015258789,73.25
2025-03-27,23591.94921875,60.13999938964844,73.80000305175781
2025-03-28,23519.349609375,60.290000915527344,74.16000366210938
2025-04-01,23165.69921875,60.61000061035156,76.72000122070312
2025-04-02,23332.349609375,60.88999938964844,76.2300033569336
2025-04-03,23250.099609375,60.630001068115234,75.8499984741211
2025-04-04,22904.44921875,61.06999969482422,74.98999786376953
2025-04-07,22161.599609375,61.0099983215332,73.83000183105469
2025-04-08,22535.849609375,60.939998626708984,73.68000030517578
2025-04-09,22399.150390625,61.09000015258789,74.88999938964844
2025-04-11,22828.55078125,61.290000915527344,77.9000015258789
2025-04-15,23328.55078125,61.11000061035156,77.66000366210938
2025-04-16,23437.19921875,61.290000915527344,79.2300033569336
2025-04-17,23851.650390625,61.45000076293945,79.52999877929688
2025-04-21,24125.55078125,61.54999923706055,81.06999969482422
2025-04-22,24167.25,61.599998474121094,82.9000015258789
2025-04-23,24328.94921875,61.59000015258789,80.38999938964844
2025-04-24,24246.69921875,61.54999923706055,80.51000213623047
2025-04-25,24039.349609375,61.709999084472656,80.02999877929688
2025-04-28,24328.5,61.40999984741211,79.05000305175781
2025-04-29,24335.94921875,61.54999923706055,80.04000091552734
2025-04-30,24334.19921875,61.7400016784668,79.08999633789062
2025-05-02,24346.69921875,61.72999954223633,78.37999725341797
2025-05-05,24461.150390625,61.7599983215332,79.58000183105469
2025-05-06,24379.599609375,61.77000045776367,82.12999725341797
2025-05-07,24414.400390625,61.84000015258789,81.27999877929688
2025-05-08,24273.80078125,61.79999923706055,80.94000244140625
2025-05-09,24008.0,61.75,80.80000305175781
2025-05-12,24924.69921875,61.869998931884766,77.9800033569336
2025-05-13,24578.349609375,61.83000183105469,79.06999969482422
2025-05-14,24666.900390625,61.88999938964844,78.58000183105469
2025-05-15,25062.099609375,61.970001220703125,77.04000091552734
2025-05-16,25019.80078125,62.06999969482422,77.77999877929688
2025-05-19,24945.44921875,62.16999816894531,78.31999969482422
2025-05-20,24683.900390625,62.31999969482422,78.19000244140625
2025-05-21,24813.44921875,62.369998931884766,79.5
2025-05-22,24609.69921875,62.38999938964844,79.80999755859375
2025-05-23,24853.150390625,62.400001525878906,79.51000213623047
2025-05-26,25001.150390625,62.400001525878906,79.7699966430664
2025-05-27,24826.19921875,62.459999084472656,79.55999755859375
2025-05-28,24752.44921875,62.439998626708984,80.05999755859375
2025-05-29,24833.599609375,62.52000045776367,79.0999984741211
2025-05-30,24750.69921875,62.59000015258789,79.48999786376953
2025-06-02,24716.599609375,62.52000045776367,80.5199966430664
2025-06-03,24542.5,62.5099983215332,80.97000122070312
2025-06-04,24620.19921875,62.540000915527344,81.30999755859375
2025-06-05,24750.900390625,62.58000183105469,81.7300033569336
2025-06-06,25003.05078125,62.810001373291016,81.2300033569336
2025-06-09,25103.19921875,62.630001068115234,80.4800033569336
2025-06-10,25104.25,62.5,80.61000061035156
2025-06-11,25141.400390625,62.43000030517578,80.76000213623047
2025-06-12,24888.19921875,62.349998474121094,81.38999938964844
2025-06-13,24718.599609375,62.290000915527344,83.12999725341797
2025-06-16,24946.5,62.31999969482422,83.08999633789062
2025-06-17,24853.400390625,62.36000061035156,82.55999755859375
2025-06-18,24812.05078125,62.459999084472656,82.79000091552734
2025-06-19,24793.25,62.41999816894531,82.79000091552734
2025-06-20,25112.400390625,62.400001525878906,82.2300033569336
2025-06-23,24971.900390625,62.27000045776367,82.66000366210938
2025-06-24,25044.349609375,62.369998931884766,80.9800033569336
2025-06-25,25244.75,62.369998931884766,81.11000061035156
2025-06-26,25549.0,62.369998931884766,81.12000274658203
2025-06-27,25637.80078125,62.31999969482422,79.80999755859375
2025-06-30,25517.05078125,62.38999938964844,79.98999786376953
2025-07-01,25541.80078125,62.54999923706055,81.05000305175781
2025-07-02,25453.400390625,62.619998931884766,81.11000061035156
2025-07-03,25405.30078125,62.650001525878906,81.01000213623047
2025-07-04,25461.0,62.77000045776367,80.88999938964844
2025-07-07,25461.30078125,62.650001525878906,80.52999877929688
2025-07-08,25522.5,62.66999816894531,80.77999877929688
2025-07-09,25476.099609375,62.619998931884766,80.02999877929688
2025-07-10,25355.25,62.65999984741211,80.70999908447266
2025-07-11,25149.849609375,62.7400016784668,81.1500015258789
2025-07-14,25082.30078125,62.65999984741211,81.87999725341797
2025-07-15,25195.80078125,62.63999938964844,81.66999816894531
2025-07-16,25212.05078125,62.63999938964844,81.3499984741211
2025-07-17,25111.44921875,62.689998626708984,81.16000366210938
2025-07-18,24968.400390625,62.72999954223633,81.7300033569336
2025-07-21,25090.69921875,62.75,82.12999725341797
2025-07-22,25060.900390625,62.72999954223633,82.7699966430664
2025-07-23,25219.900390625,62.779998779296875,83.75
2025-07-24,25062.099609375,62.75,82.30000305175781
2025-07-25,24837.0,62.650001525878906,82.0999984741211
2025-07-28,24680.900390625,62.630001068115234,82.02999877929688
2025-07-29,24821.099609375,62.63999938964844,81.91000366210938
2025-07-30,24855.05078125,62.720001220703125,82.38999938964844
2025-07-31,24768.349609375,62.66999816894531,82.19999694824219
2025-08-01,24565.349609375,62.70000076293945,81.94999694824219
2025-08-04,24722.75,62.83000183105469,83.2300033569336
2025-08-05,24649.55078125,62.810001373291016,83.61000061035156
2025-08-06,24574.19921875,62.7400016784668,83.44000244140625
2025-08-07,24596.150390625,62.68000030517578,83.94000244140625
2025-08-08,24363.30078125,62.65999984741211,84.36000061035156
2025-08-11,24585.05078125,62.619998931884766,83.2300033569336
2025-08-12,24487.400390625,62.529998779296875,82.9800033569336
2025-08-13,24619.349609375,62.439998626708984,83.19000244140625
2025-08-14,24631.30078125,62.529998779296875,83.13999938964844
2025-08-18,24876.94921875,62.47999954223633,82.75
2025-08-19,24980.650390625,62.38999938964844,82.30999755859375
2025-08-20,25050.55078125,62.470001220703125,82.08000183105469
2025-08-21,25083.75,62.38999938964844,82.55000305175781
2025-08-22,24870.099609375,62.380001068115234,82.62000274658203
2025-08-25,24967.75,62.400001525878906,83.5
2025-08-26,24712.05078125,62.349998474121094,83.83000183105469
2025-08-28,24500.900390625,62.29999923706055,84.41999816894531
2025-08-29,24426.849609375,62.40999984741211,85.33999633789062
2025-09-01,24625.05078125,62.36000061035156,86.61000061035156
2025-09-02,24579.599609375,62.290000915527344,86.61000061035156
2025-09-03,24715.05078125,62.36000061035156,87.87999725341797
2025-09-04,24734.30078125,62.459999084472656,88.16000366210938
2025-09-05,24741.0,62.47999954223633,88.6500015258789
2025-09-08,24773.150390625,62.54999923706055,89.9800033569336
2025-09-09,24868.599609375,62.56999969482422,91.16999816894531
2025-09-10,24973.099609375,62.63999938964844,90.9000015258789
2025-09-11,25005.5,62.560001373291016,90.62000274658203
2025-09-12,25114.0,62.560001373291016,91.26000213623047
2025-09-15,25069.19921875,62.59000015258789,90.91999816894531
2025-09-16,25239.099609375,62.619998931884766,92.2699966430664
2025-09-17,25330.25,62.70000076293945,91.25
2025-09-18,25423.599609375,62.779998779296875,91.5999984741211
2025-09-19,25327.05078125,62.7599983215332,91.29000091552734
2025-09-22,25202.349609375,62.91999816894531,93.13999938964844
2025-09-23,25169.5,62.9900016784668,95.12999725341797
2025-09-24,25056.900390625,62.959999084472656,94.63999938964844
2025-09-25,24890.849609375,62.939998626708984,94.43000030517578
2025-09-26,24654.69921875,62.880001068115234,94.22000122070312
2025-09-29,24634.900390625,62.86000061035156,95.9000015258789
2025-09-30,24611.099609375,62.91999816894531,95.8499984741211
2025-10-01,24836.30078125,63.20000076293945,97.62999725341797
2025-10-03,24894.25,63.31999969482422,97.06999969482422
2025-10-06,25077.650390625,63.290000915527344,99.22000122070312
2025-10-07,25108.30078125,63.279998779296875,99.66000366210938
2025-10-08,25046.150390625,63.2599983215332,101.69000244140625
2025-10-09,25181.80078125,63.099998474121094,101.47000122070312
2025-10-10,25285.349609375,63.040000915527344,100.66999816894531
2025-10-13,25227.349609375,63.11000061035156,102.6500015258789
2025-10-14,25145.5,63.15999984741211,105.08999633789062
2025-10-15,25323.55078125,63.209999084472656,105.29000091552734
2025-10-16,25585.30078125,63.209999084472656,105.37000274658203
2025-10-17,25709.849609375,63.29999923706055,108.11000061035156
2025-10-20,25843.150390625,63.27000045776367,105.13999938964844
2025-10-21,25868.599609375,63.41999816894531,105.69000244140625
2025-10-23,25891.400390625,63.31999969482422,101.69999694824219
2025-10-27,25966.05078125,63.369998931884766,100.13999938964844
2025-10-28,25936.19921875,63.38999938964844,96.83999633789062
2025-10-29,26053.900390625,63.27000045776367,99.94999694824219
2025-10-30,25877.849609375,63.2400016784668,99.68000030517578
2025-10-31,25722.099609375,63.16999816894531,100.0199966430664
2025-11-03,25763.349609375,63.220001220703125,100.05000305175781
2025-11-04,25597.650390625,63.349998474121094,99.80000305175781
2025-11-06,25509.69921875,63.369998931884766,100.06999969482422
2025-11-07,25492.30078125,63.349998474121094,99.94000244140625
2025-11-10,25574.349609375,63.380001068115234,101.69999694824219
2025-11-11,25694.94921875,63.38999938964844,103.29000091552734
2025-11-12,25875.80078125,63.439998626708984,102.69000244140625
2025-11-13,25879.150390625,63.41999816894531,105.37000274658203
2025-11-14,25910.05078125,63.459999084472656,103.80999755859375
2025-11-17,26013.44921875,63.36000061035156,101.94000244140625
2025-11-18,25910.05078125,63.40999984741211,100.91000366210938
2025-11-19,26052.650390625,63.36000061035156,102.2300033569336
2025-11-20,26192.150390625,63.43000030517578,101.55000305175781
2025-11-21,26068.150390625,63.540000915527344,102.0
2025-11-24,25959.5,63.400001525878906,102.2300033569336
2025-11-25,25884.80078125,63.52000045776367,103.45999908447266
2025-11-26,26205.30078125,63.709999084472656,104.18000030517578
2025-11-27,26215.55078125,63.7400016784668,104.11000061035156
2025-11-28,26202.94921875,63.84000015258789,104.62000274658203
2025-12-01,26175.75,63.459999084472656,106.72000122070312
2025-12-02,26032.19921875,63.5,105.62999725341797
2025-12-03,25986.0,63.650001525878906,106.51000213623047
2025-12-04,26033.75,63.56999969482422,105.91999816894531
2025-12-05,26186.44921875,63.650001525878906,106.88999938964844
2025-12-08,25960.55078125,63.63999938964844,106.8499984741211
2025-12-09,25839.650390625,63.560001373291016,106.27999877929688
2025-12-10,25758.0,63.45000076293945,106.2300033569336
2025-12-11,25898.55078125,63.400001525878906,107.1500015258789
2025-12-12,26046.94921875,63.439998626708984,109.61000061035156
2025-12-15,26027.30078125,63.369998931884766,110.94999694824219
2025-12-16,25860.099609375,63.380001068115234,109.55999755859375
2025-12-17,25818.55078125,63.45000076293945,109.98999786376953
2025-12-18,25815.55078125,63.45000076293945,109.87999725341797
2025-12-19,25966.400390625,63.41419982910156,109.81999969482422
2025-12-22,26172.400390625,63.400001525878906,111.38999938964844
2025-12-23,26177.150390625,63.189998626708984,113.0999984741211
2025-12-24,26142.099609375,63.4900016784668,113.20999908447266
2025-12-26,26042.30078125,63.470001220703125,114.30999755859375
2025-12-29,25942.099609375,63.4900016784668,113.02999877929688
2025-12-30,25938.849609375,63.4900016784668,111.16999816894531
2025-12-31,26129.599609375,63.56999969482422,110.11000061035156
2026-01-01,26146.55078125,63.58000183105469,110.5199966430664
2026-01-02,26328.55078125,63.59000015258789,111.81999969482422
2026-01-05,26250.30078125,63.47999954223633,112.91999816894531
2026-01-06,26178.69921875,63.47999954223633,113.13999938964844
2026-01-07,26140.75,63.61000061035156,112.91000366210938
2026-01-08,25876.849609375,63.630001068115234,112.29000091552734
2026-01-09,25683.30078125,63.63999938964844,113.61000061035156
2026-01-12,25790.25,63.52000045776367,116.76000213623047
2026-01-13,25732.30078125,63.4900016784668,116.37000274658203
2026-01-14,25665.599609375,63.4900016784668,118.01000213623047
2026-01-16,25694.349609375,63.369998931884766,117.77999877929688
2026-01-19,25585.5,63.41999816894531,121.0999984741211
2026-01-20,25232.5,63.369998931884766,125.86000061035156
2026-01-21,25157.5,63.38999938964844,134.97000122070312
2026-01-22,25289.900390625,63.630001068115234,124.33999633789062
2026-01-23,25048.650390625,63.58000183105469,127.41999816894531
2026-01-27,25175.400390625,63.59000015258789,131.4499969482422
2026-01-28,25342.75,63.56999969482422,135.82000732421875
2026-01-29,25418.900390625,63.56999969482422,146.52999877929688
2026-01-30,25320.650390625,63.7400016784668,131.1199951171875
2026-02-02,25088.400390625,63.66999816894531,118.66999816894531
2026-02-03,25727.55078125,63.900001525878906,125.19999694824219
2026-02-04,25776.0,63.970001220703125,129.60000610351562
2026-02-05,25642.80078125,63.790000915527344,125.22000122070312
2026-02-06,25693.69921875,63.939998626708984,125.04000091552734
2026-02-09,25867.30078125,63.849998474121094,127.9800033569336
2026-02-10,25935.150390625,63.84000015258789,128.33999633789062
2026-02-11,25953.849609375,63.93000030517578,128.6999969482422
2026-02-12,25807.19921875,64.02999877929688,128.52000427246094
2026-02-13,25471.099609375,64.02999877929688,126.0999984741211
2026-02-16,25682.75,64.08000183105469,126.91999816894531
2026-02-17,25725.400390625,64.33999633789062,124.58000183105469
2026-02-18,25819.349609375,64.37999725341797,124.63999938964844
2026-02-19,25454.349609375,64.47000122070312,127.08999633789062
2026-02-20,25571.25,64.2699966430664,127.54000091552734
2026-02-23,25713.0,64.33000183105469,130.0
2026-02-24,25424.650390625,64.33000183105469,131.22000122070312
2026-02-25,25482.5,64.38999938964844,131.69000244140625
2026-02-26,25496.55078125,64.37999725341797,130.47999572753906
2026-02-27,25178.650390625,64.37999725341797,131.60000610351562
2026-03-02,24865.69921875,64.38999938964844,138.32000732421875
2026-03-04,24480.5,64.33999633789062,133.9600067138672
2026-03-05,24765.900390625,64.44000244140625,132.24000549316406
2026-03-06,24450.44921875,64.5,130.82000732421875
2026-03-09,24028.05078125,64.18000030517578,131.35000610351562
2026-03-10,24261.599609375,64.3499984741211,132.1999969482422
2026-03-11,23866.849609375,64.31999969482422,132.7100067138672
2026-03-12,23639.150390625,64.61000061035156,132.42999267578125
2026-03-13,23151.099609375,64.44000244140625,130.32000732421875
2026-03-16,23408.80078125,64.30999755859375,127.22000122070312
2026-03-17,23581.150390625,64.25,128.22000122070312
2026-03-18,23777.80078125,64.30999755859375,127.91000366210938
2026-03-19,23002.150390625,64.37999725341797,121.31999969482422
2026-03-20,23114.5,64.19999694824219,121.05999755859375
2026-03-23,22512.650390625,64.02999877929688,110.72000122070312
2026-03-24,22912.400390625,64.05999755859375,115.48999786376953
2026-03-25,23306.44921875,64.08000183105469,119.29000091552734
2026-03-27,22819.599609375,63.880001068115234,117.52999877929688
2026-03-30,22331.400390625,63.54999923706055,121.19000244140625
2026-04-01,22679.400390625,64.41999816894531,123.37000274658203
2026-04-02,22713.099609375,63.720001220703125,120.58000183105469
2026-04-06,22968.25,63.77000045776367,122.80999755859375
2026-04-07,23123.650390625,63.959999084472656,121.77999877929688
2026-04-08,23997.349609375,64.2300033569336,124.38999938964844
2026-04-09,23775.099609375,64.4000015258789,123.20999908447266
2026-04-10,24050.599609375,64.80999755859375,123.48999786376953
2026-04-13,23842.650390625,64.47000122070312,123.76000213623047
2026-04-15,24231.30078125,64.5999984741211,125.05999755859375
2026-04-16,24196.75,64.44999694824219,125.61000061035156
2026-04-17,24353.55078125,64.58999633789062,124.80000305175781
2026-04-20,24364.849609375,64.56999969482422,125.0
2026-04-21,24576.599609375,64.7699966430664,125.22000122070312
2026-04-22,24378.099609375,64.72000122070312,124.98999786376953
2026-04-23,24173.05078125,64.55999755859375,124.08000183105469
2026-04-24,23897.94921875,64.58000183105469,123.94000244140625
2026-04-27,24092.69921875,64.5199966430664,124.25
2026-04-28,23995.69921875,64.38999938964844,122.68000030517578
2026-04-29,24177.650390625,64.38999938964844,121.58000183105469
2026-04-30,23997.55078125,64.37999725341797,123.43000030517578
2026-05-04,24119.30078125,64.37000274658203,122.37999725341797
2026-05-05,24032.80078125,64.30999755859375,122.16000366210938
2026-05-06,24330.94921875,64.56999969482422,124.0199966430664
2026-05-07,24326.650390625,64.55000305175781,124.47000122070312
2026-05-08,24176.150390625,64.5199966430664,124.30999755859375
2026-05-11,23815.849609375,64.37000274658203,123.2300033569336
2026-05-12,23379.55078125,64.26000213623047,124.61000061035156
2026-05-13,23412.599609375,64.18000030517578,131.74000549316406
2026-05-14,23689.599609375,64.22000122070312,131.77999877929688
2026-05-15,23643.5,64.1500015258789,129.41000366210938
2026-05-18,23649.94921875,63.90999984741211,129.6999969482422
2026-05-19,23618.0,64.01000213623047,130.63999938964844
2026-05-20,23659.0,64.08000183105469,130.1999969482422
2026-05-21,23654.69921875,64.08999633789062,130.74000549316406
2026-05-22,23719.30078125,64.06999969482422,130.5
2026-05-25,24031.69921875,64.26000213623047,130.50999450683594
2026-05-26,23913.69921875,64.1500015258789,129.5800018310547
2026-05-27,23907.150390625,64.33000183105469,129.0399932861328
2026-05-29,23547.75,64.3499984741211,128.64999389648438
2026-06-01,23382.599609375,64.33999633789062,127.48999786376953
2026-06-02,23483.55078125,64.37999725341797,128.6699981689453
2026-06-03,23405.599609375,64.48999786376953,127.63999938964844
2026-06-04,23416.55078125,64.5199966430664,128.5
2026-06-05,23366.69921875,64.93000030517578,127.77999877929688
2026-06-08,23123.0,65.16000366210938,124.16000366210938
2026-06-09,23242.099609375,65.30999755859375,125.38999938964844
2026-06-10,23214.94921875,65.19999694824219,121.1500015258789
2026-06-11,23161.599609375,65.1500015258789,119.27999877929688
2026-06-12,23622.900390625,65.38999938964844,121.91999816894531
2026-06-15,23853.900390625,65.44999694824219,124.11000061035156
2026-06-16,23989.150390625,65.47000122070312,124.13999938964844
2026-06-17,24085.69921875,65.45999908447266,123.75
2026-06-18,24168.0,65.5999984741211,122.12000274658203
2026-06-19,24013.099609375,65.55000305175781,119.79000091552734
2026-06-22,24102.900390625,65.51000213623047,121.12000274658203
2026-06-23,23824.099609375,65.58000183105469,118.9000015258789
2026-06-24,24021.650390625,65.66999816894531,117.55999755859375
2026-06-25,24056.0,65.94999694824219,114.95999908447266
2026-06-29,23946.25,65.83999633789062,116.43000030517578
2026-06-30,23865.75,65.91999816894531,115.97000122070312
2026-07-01,24005.849609375,65.86000061035156,115.45999908447266
2026-07-02,24175.69921875,65.91000366210938,117.69000244140625
2026-07-03,24270.849609375,66.04000091552734,120.30999755859375
2026-07-06,24430.349609375,65.91000366210938,119.51000213623047
2026-07-07,24398.69921875,66.04000091552734,118.58000183105469
2026-07-09,24034.599609375,65.79000091552734,117.26000213623047
