Date,Dynamic Strategy Gross,Dynamic Strategy Net,Turnover,Equal Weight,Static 60/40
2024-11-11,-0.002434754843908315,-0.002434754843908315,0.0,-0.0024347548439083155,0.00017200384682496407
2024-11-12,-0.006780607500278033,-0.007346518459044457,0.7545479450218984,-0.01216167971995574,-0.0063743623048193145
2024-11-13,-0.0005000372114853989,-0.0005000372114853989,0.0,-0.0031352805917137516,-0.009098791264667483
2024-11-14,-0.0036858523699447227,-0.0036858523699447227,0.0,-0.007127178115029645,0.0005649840567667042
2024-11-18,0.004318864175896597,0.004318864175896597,0.0,0.004815428656328891,-0.002015008863941858
2024-11-19,0.003468459246312014,0.003468459246312014,0.0,0.005292863142353591,0.001721465978023673
2024-11-21,0.0027857356456787346,0.0027857356456787346,0.0,0.0019046090116413932,-0.004453953732569715
2024-11-22,0.004220097171755008,0.004220097171755008,0.0,0.011934951758474513,0.014359160530360881
2024-11-25,-0.0029034489400237965,-0.0029034489400237965,0.0,-0.0004100626973985534,0.007982369936189214
2024-11-26,-0.0033102616165276355,-0.0033102616165276355,0.0,-0.005257455116066012,-0.0003365699496580276
2024-11-27,0.002246980526599959,0.002246980526599959,0.0,0.004032716565889475,0.0019220699236445426
2024-11-28,0.0005739392636299378,0.0005739392636299378,0.0,-0.004174874877277783,-0.008504373463453162
2024-11-29,0.002180034836256326,0.002180034836256326,0.0,0.0047079274454212925,0.005897248652448893
2024-12-02,0.001315479162949649,0.001315479162949649,0.0,0.0007140972576310151,0.005365928600659942
2024-12-03,0.0015871708165870867,0.0015871708165870867,0.0,0.004098836895234825,0.004527429685128226
2024-12-04,6.30232659525198e-05,6.30232659525198e-05,0.0,-6.5717288366684235e-06,0.000388616178038248
2024-12-05,0.0009434853077450442,0.0009434853077450442,0.0,0.003696732152864849,0.006083708314874058
2024-12-06,-0.0009260192368167478,-0.0009260192368167478,0.0,-0.0010607589744925743,-0.0010834466707937197
2024-12-09,-0.00013402475500299605,-0.00013402475500299605,0.0,0.00019660150054819534,-0.0021121008383868656
2024-12-10,0.006884895998867231,0.006884895998867231,0.0,0.004388426941719814,0.002836087488531192
2024-12-11,-0.0023770853638990144,-0.0023770853638990144,0.0,0.0005235490144549122,-0.0013959196893583937
2024-12-12,-0.0001181575934843125,-0.0001181575934843125,0.0,0.00024247900244548742,-0.003224074473468974
2024-12-13,-0.0026681676878425294,-0.0026681676878425294,0.0,-0.0013705080876693645,0.005547832816846565
2024-12-16,-5.8250481538258954e-05,-5.8250481538258954e-05,0.0,-0.001736909295856274,-0.0020881983751518617
2024-12-17,-0.002374633477594343,-0.002374633477594343,0.0,-0.0066605178284972295,-0.008340348568637168
2024-12-18,0.0006250718576506814,0.0006250718576506814,0.0,-0.0005444961614819256,-0.0035271806858215627
2024-12-19,-0.003471595184295316,-0.003471595184295316,0.0,-0.006883778692232667,-0.006568363184091197
2024-12-20,-0.0025343014170438457,-0.0025343014170438457,0.0,-0.007577067422014138,-0.009261587853923814
2024-12-23,0.0034348617795105056,0.0034348617795105056,0.0,0.00602528179648143,0.0045473011161284655
2024-12-24,-0.0008156828844270119,-0.0008156828844270119,0.0,-0.0017064984360208868,-0.00044765942781808114
2024-12-26,0.0011695409300576949,0.0011695409300576949,0.0,0.0019307039285756387,0.000501803373696319
2024-12-27,0.0035805991302336557,0.0035805991302336557,0.0,0.003224129207310078,0.003090118423289923
2024-12-30,-0.0032718099624223533,-0.0032718099624223533,0.0,-0.004478325389427458,-0.005483844885816679
2024-12-31,0.0002301859112075982,0.0002301859112075982,0.0,0.00041026220448851325,-7.060990718699145e-05
2025-01-01,0.0008123737880701829,0.0008123737880701829,0.0,0.002559421723549171,0.0022799181302012527
2025-01-02,0.0019440279501414834,0.0019440279501414834,0.0,0.007605981426687039,0.01129618220828199
2025-01-03,0.003926657754004838,0.003926657754004838,0.0,0.001005301651079667,-0.0032196873975834706
2025-01-06,-0.0036231831650426014,-0.0036231831650426014,0.0,-0.008372454224517451,-0.010474210094536572
2025-01-07,0.002821027083212385,0.002821027083212385,0.0,0.003079862514784241,0.0034828740183272086
2025-01-08,0.0005930284502877403,0.0005930284502877403,0.0,0.0011908189632281463,-0.0008866663857798329
2025-01-09,0.0012835019346437177,0.0012835019346437177,0.0,-0.0006374956133926208,-0.0038574451684873163
2025-01-10,0.0016175041140821678,0.0016175041140821678,0.0,0.00122869108078838,-0.002563323974210618
2025-01-13,-0.0025142456309003806,-0.0025142456309003806,0.0,-0.004811066947007762,-0.010681454665818534
2025-01-14,-0.0006402625034773238,-0.0006402625034773238,0.0,0.00024014869748493583,0.002337166826180592
2025-01-15,0.0029488217915110463,0.0029488217915110463,0.0,0.002606091616802253,0.0021173108927296626
2025-01-16,0.003938441336244065,0.003938441336244065,0.0,0.004255399646361013,0.003967037753736946
2025-01-17,0.0017601275811690532,0.0017601275811690532,0.0,-0.0004175504342909992,-0.0018552746230675154
2025-01-20,-0.0009834094297382365,-0.0009834094297382365,0.0,0.0012266012501476924,0.0031086187576295993
2025-01-21,-3.727496543104469e-05,-3.727496543104469e-05,0.0,-0.0031996610693886636,-0.00875760371634051
2025-01-22,0.0035537402444718665,0.0035537402444718665,0.0,0.00560072633945848,0.0038698351404725883
2025-01-23,0.00046174335190853153,0.00046174335190853153,0.0,0.00028777811809129383,0.0019022580373842858
2025-01-24,0.0021434214823692166,0.0021434214823692166,0.0,0.0005531351318852629,-0.002325649651277572
2025-01-27,-0.0013455781895037548,-0.0013455781895037548,0.0,-0.0044935461299866475,-0.007211149163815378
2025-01-28,0.0007719794767720378,0.0007719794767720378,0.0,0.0017725054786052279,0.0038966701596194753
2025-01-29,0.0009064193802820904,0.0009064193802820904,0.0,0.004129142801078937,0.005086444891987085
2025-01-30,0.0013517597510646667,0.0013517597510646667,0.0,0.0025373944813559626,0.0024360880480379875
2025-01-31,0.004044985872472526,0.004044985872472526,0.0,0.008503056117872571,0.006644516568213632
2025-02-01,-0.002432909033099109,-0.002432909033099109,0.0,-0.0019000067272537298,-0.001749969352737324
2025-02-03,0.004801973212980931,0.004801973212980931,0.0,0.0027760385022732588,-0.0016858593943162245
2025-02-04,0.01410739924508715,0.01296648828372068,1.521214615155292,0.007340438660926374,0.009501111227011803
2025-02-05,0.0027590263998568936,0.0027590263998568936,0.0,0.006577552181540547,-0.000884512405048099
2025-02-06,-0.0035358597814289226,-0.0035358597814289226,0.0,-0.001794517838208461,-0.002156271030654011
2025-02-07,-0.0011645863094722141,-0.0011645863094722141,0.0,-0.0003810073016730087,-0.0014408122737734174
2025-02-10,-0.0033579468791391327,-0.0033579468791391327,0.0,0.0026189488463804382,-0.003819264936708677
2025-02-11,-0.01216539417070482,-0.01216539417070482,0.0,-0.007441911228857141,-0.008608346379965324
2025-02-12,-0.0023432717521351854,-0.0023432717521351854,0.0,-0.0025857353939571226,-0.0004889524736853445
2025-02-13,0.0006353100803134781,0.0006353100803134781,0.0,0.0009302974349270816,-0.0012363426788464694
2025-02-14,-0.0025844922929551127,-0.0025844922929551127,0.0,0.0009234073254482666,-0.0017241626570079658
2025-02-17,-0.0005300465307984381,-0.0005300465307984381,0.0,-0.001641674120855363,0.0014632151512063984
2025-02-18,0.0004241246130138474,0.0004241246130138474,0.0,0.001437427735032415,-0.00023688373636367995
2025-02-19,0.0016406671731868017,0.0016406671731868017,0.0,0.002995153633331249,-0.0006601918091423187
2025-02-20,-0.0013503450295824005,-0.0013503450295824005,0.0,-0.001501005619370647,-0.0006513591858897882
2025-02-21,-0.0052386196157636926,-0.0052386196157636926,0.0,-0.003880924887050459,-0.0034143858566316964
2025-02-24,-0.0071200403936208245,-0.0071200403936208245,0.0,-0.0007774298047259857,-0.005947643811891367
2025-02-25,0.00020708176015362163,0.00020708176015362163,0.0,0.000994012646656254,0.00031578325896290953
2025-02-27,-0.0024948828024688743,-0.0024948828024688743,0.0,-0.0036559876345029587,0.0004029911903700168
2025-02-28,-0.01723891616095614,-0.01723891616095614,0.0,-0.006686151658220988,-0.007423292275504778
2025-03-03,-0.006447412893866863,-0.007588323855233332,1.521214615155292,-0.002312533370617764,-0.004283918688468092
2025-03-04,0.004930583415856703,0.004930583415856703,0.0,0.004976562058132572,-0.0002577815999838861
2025-03-05,0.00040891651344562646,0.00040891651344562646,0.0,0.0033538623992406254,0.007147145333494365
2025-03-06,0.0004711417465762342,0.0004711417465762342,0.0,0.0019918361213676996,0.006347362790176447
2025-03-07,0.0012425713506039006,0.0012425713506039006,0.0,0.0016514067899435028,0.00027433366393196933
2025-03-10,-0.0014869995670551354,-0.0014869995670551354,0.0,-0.002107076355960598,-0.0031261658914395695
2025-03-11,-0.0008403943020160346,-0.0008403943020160346,0.0,-0.00013717216306119437,0.0006690361681677359
2025-03-12,0.0012585048972566576,0.0012585048972566576,0.0,0.0009248525262393058,-0.0004635364414671272
2025-03-13,0.0021876651094330764,0.0021876651094330764,0.0,0.0014860877760135929,-0.0016261496806851737
2025-03-17,0.0023839562240696296,0.0023839562240696296,0.0,0.004778956294288446,0.002847256400116649
2025-03-18,0.0005656673706457776,0.0005656673706457776,0.0,0.00478656772755374,0.008615821909596732
2025-03-19,0.0037490273958012783,0.0037490273958012783,0.0,0.004873060041984918,0.0025909269186943362
2025-03-20,0.0017646758464107876,0.0017646758464107876,0.0,0.005391600221435884,0.007635183707539638
2025-03-21,-9.780020887993623e-06,-9.780020887993623e-06,0.0,0.0005848604238938293,0.004985104012394359
2025-03-24,-0.010136029945553278,-0.010909798208116503,1.0316910167509676,-0.0002755101812796921,0.0074616645456895715
2025-03-25,0.001276867963329246,0.0005030997007660202,1.0316910167509676,0.0014156987380768982,0.0005275878854224203
2025-03-26,-0.00011724204490141283,-0.00011724204490141283,0.0,-0.002423766272336832,-0.004559877270616752
2025-03-27,0.0026370445138935517,0.0026370445138935517,0.0,0.004259032396774387,0.003011597972329838
2025-03-28,0.0028653332736127005,0.0028653332736127005,0.0,0.0014250829693794504,-0.0008527893185320322
2025-04-01,0.027230392630081625,0.0264566243675184,1.0316910167509676,0.008026782299211868,-0.006973005039267121
2025-04-02,0.0019557598570239193,0.0011819915944606936,1.0316910167509676,0.0017899384398116778,0.00614447074854354
2025-04-03,-0.004429238285297303,-0.004429238285297303,0.0,-0.004269310283860683,-0.0038304699159720456
2025-04-04,0.0016975648322842462,0.0016975648322842462,0.0,-0.006383424631737947,-0.0060945795339574
2025-04-07,-0.005894689755663426,-0.005894689755663426,0.0,-0.016514228814763495,-0.0201752759768425
2025-04-08,-0.0006645449753229827,-0.0006645449753229827,0.0,0.004521508325278904,0.009588585381343506
2025-04-09,0.00557954757164586,0.00557954757164586,0.0,0.004221025369890441,-0.0026672215750028977
2025-04-11,0.012922065069171176,0.012922065069171176,0.0,0.02055436143425382,0.012700779714651488
2025-04-15,-0.0020079452449894056,-0.0020079452449894056,0.0,0.005213067161146927,0.011823118201307636
2025-04-16,0.007276736339544309,0.007276736339544309,0.0,0.009200791296064399,0.003964376092315902
2025-04-17,0.00348797123392747,0.00348797123392747,0.0,0.007971771886487566,0.01156022043312781
2025-04-21,0.006399900360796238,0.006399900360796238,0.0,0.01074091232976748,0.007501234862996853
2025-04-22,0.006225571993972316,0.006225571993972316,0.0,0.00828701480095025,0.0013609623476266818
2025-04-23,-0.0075389804460184555,-0.0075389804460184555,0.0,-0.008079688356375847,0.003936204356992335
2025-04-24,-0.00022216002481452744,-0.00022216002481452744,0.0,-0.0008481705234562044,-0.0022917570128168307
2025-04-25,1.154294310339336e-05,1.154294310339336e-05,0.0,-0.003990726367850546,-0.004114608282690213
2025-04-28,-0.006072236709113128,-0.006072236709113128,0.0,-0.0017459302247451922,0.005224552042543351
2025-04-29,0.004741702207015647,0.004741702207015647,0.0,0.0050097398334999115,0.0010945494888016328
2025-04-30,-0.0007976254661116199,-0.0007976254661116199,0.0,-0.0029766098546621933,0.0011897348119862983
2025-05-02,-0.0023493107393527087,-0.0023493107393527087,0.0,-0.0028887031019702763,0.00024332216961049364
2025-05-05,0.004328512678468977,0.004328512678468977,0.0,0.006789931947952077,0.003008265429613388
2025-05-06,0.007868648561105897,0.007868648561105897,0.0,0.009454325076061327,-0.0019389003604231903
2025-05-07,-0.0017398212286277282,-0.0017398212286277282,0.0,-0.0026147762401329544,0.0013088981412735733
2025-05-08,-0.0017352650960635362,-0.0017352650960635362,0.0,-0.0035381268058044904,-0.0037241378043123773
2025-05-09,-0.001441673888983214,-0.001441673888983214,0.0,-0.004517015451175036,-0.006930052701332556
2025-05-12,-0.006025430801593389,-0.006025430801593389,0.0,0.001296326754127718,0.023259850819178852
2025-05-13,0.002459508168433554,0.002459508168433554,0.0,-0.0002529545170807754,-0.008654645684005757
2025-05-14,-0.0007231920785562661,-0.0007231920785562661,0.0,-0.0005500268484495879,0.0025457500065762416
2025-05-15,-0.0034040192100111906,-0.0034040192100111906,0.0,-0.0008687326029717106,0.010053393993133142
2025-05-16,0.0034690957912836586,0.0034690957912836586,0.0,0.0031609019566095258,-0.0003685684412058519
2025-05-19,0.002756342014883394,0.002756342014883394,0.0,0.0018507705015557245,-0.0011417745366490094
2025-05-20,0.0008819560965336046,0.0008819560965336046,0.0,-0.0032638425264620943,-0.005360167535802773
2025-05-21,0.004929902166811868,0.004929902166811868,0.0,0.00755059778718999,0.0034615436876389793
2025-05-22,0.0008759769268733029,0.0008759769268733029,0.0,-0.0013442634673491343,-0.004818853409126333
2025-05-23,-0.00043979843259733635,-0.00043979843259733635,0.0,0.002079409781771346,0.005970448419556007
2025-05-26,0.001050043237706082,0.001050043237706082,0.0,0.003067314568052796,0.003562391186768465
2025-05-27,-0.00025271520493025916,-0.00025271520493025916,0.0,-0.002899104981382609,-0.0038289793156202736
2025-05-28,0.0012214471956600256,0.0012214471956600256,0.0,0.0009898543386152405,-0.0019131493439434877
2025-05-29,-0.0019770405713243266,-0.0019770405713243266,0.0,-0.002503303877273784,0.0024760457285392334
2025-05-30,0.0018930413062024597,0.0018930413062024597,0.0,0.0008978454734164624,-0.0015586873843496107
2025-06-02,0.0023691029371263996,0.0023691029371263996,0.0,0.0034588916217247836,-0.0012748080030796417
2025-06-03,0.0010011413399539882,0.0010011413399539882,0.0,-0.0005518607925531305,-0.004305253285939159
2025-06-04,0.001513063491253046,0.001513063491253046,0.0,0.0026103342931958666,0.0020884821606141912
2025-06-05,0.0019509817408713988,0.0019509817408713988,0.0,0.0036954161810456294,0.003432553515011705
2025-06-06,0.0014720590360816981,0.0014720590360816981,0.0,0.0025560125062679493,0.007549008872626217
2025-06-09,-0.0042008876225687886,-0.0042008876225687886,0.0,-0.0027161289360755347,0.0012505070586119158
2025-06-10,-0.001071398670828496,-0.001071398670828496,0.0,-0.00014067615381681736,-0.0008060281896074884
2025-06-11,-0.00027329549965887537,-0.00027329549965887537,0.0,0.0007390763434293272,0.00043900135682193306
2025-06-12,0.005650816765530734,0.004877048502967508,1.0316910167509676,-0.0012112798287292983,-0.006586199196149422
2025-06-13,0.015974659914917227,0.015974659914917227,0.0,0.0044508965596132075,-0.004487763452947746
2025-06-16,0.000583348339917675,-0.00019041992264555072,1.0316910167509676,0.0030592442395764863,0.005699123631206504
2025-06-17,-0.001291081382841919,-0.001291081382841919,0.0,-0.0031654453664389233,-0.0019867082573444606
2025-06-18,0.0017685053794233886,0.0017685053794233886,0.0,0.0009063923968216276,-0.0003581623580320325
2025-06-19,-0.00015000631834925364,-0.0009237745809124794,1.0316910167509676,-0.0004662149112781103,-0.0007110609025197334
2025-06-20,-0.005272858468349791,-0.005272858468349791,0.0,0.001894288273564489,0.007546031869923198
2025-06-23,0.003506019519778997,0.003506019519778997,0.0,-0.000826821757031008,-0.004200542592282019
2025-06-24,-0.015349842747154317,-0.015349842747154317,0.0,-0.00534399163657658,0.002380056416171783
2025-06-25,0.0012284265979917587,0.0012284265979917587,0.0,0.0031913297562535803,0.004781985431637636
2025-06-26,9.443498470984231e-05,9.443498470984231e-05,0.0,0.004034423907881409,0.00718797817785024
2025-06-27,-0.012656359738741367,-0.012656359738741367,0.0,-0.004537697559786835,0.0017610163838487126
2025-06-30,0.0019881744754714228,0.0019881744754714228,0.0,-0.0004485160266970804,-0.0023835412970040436
2025-07-01,0.010681838539290545,0.010681838539290545,0.0,0.005565127881829686,0.0016061731041624228
2025-07-02,0.0008286059116059768,0.0008286059116059768,0.0,-0.0005361859289421863,-0.0016328173608641803
2025-07-03,-0.0008326125290032683,-0.0008326125290032683,0.0,-0.0008820429389579941,-0.0009432974245012104
2025-07-04,-0.0006872456732099097,-0.0006872456732099097,0.0,0.0008737161418874706,0.0020794367072735297
2025-07-07,-0.0038640666342057107,-0.0038640666342057107,0.0,-0.002120723139620158,-0.0007583335652295632
2025-07-08,0.0024485589799308743,0.0024485589799308743,0.0,0.0019398289202250394,0.0015680915672707128
2025-07-09,-0.00733057607255877,-0.00733057607255877,0.0,-0.003981885235189312,-0.0014110586489806565
2025-07-10,0.006629287142287383,0.006629287142287383,0.0,0.0014481912899387457,-0.0025975262478375783
2025-07-11,0.004462548651015654,0.004462548651015654,0.0,-0.0004737017359556595,-0.004369956872556812
2025-07-14,0.006559695386121604,0.006559695386121604,0.0,0.0016633335080102896,-0.0021240590914857194
2025-07-15,-0.0020414524238496303,-0.0020414524238496303,0.0,0.0005425474239200885,0.002581240972526544
2025-07-16,-0.00300663291841782,-0.00300663291841782,0.0,-0.0010937197302306836,0.0003868445107467977
2025-07-17,-0.001603914453865239,-0.001603914453865239,0.0,-0.0018461909656890538,-0.0020797671294289443
2025-07-18,0.005509216418135718,0.005509216418135718,0.0,0.0006412128785049375,-0.003172558618055987
2025-07-21,0.0038136184967583666,0.0038136184967583666,0.0,0.0033623741106136858,0.0030592257337506367
2025-07-22,0.005870087295843895,0.005870087295843895,0.0,0.002085059544117899,-0.0008405233982969662
2025-07-23,0.009200970494164752,0.009200970494164752,0.0,0.006297258072435715,0.00411339647956268
2025-07-24,-0.013487426783109891,-0.013487426783109891,0.0,-0.008073210518751317,-0.003957172577444723
2025-07-25,-0.0022368611566817203,-0.0022368611566817203,0.0,-0.004350090544657033,-0.0060513003828496885
2025-07-28,-0.0007280136352189764,-0.0007280136352189764,0.0,-0.0024923555653462155,-0.003910594352851148
2025-07-29,-0.001083736560696012,-0.001083736560696012,0.0,0.0014533795434292784,0.0034624920469784825
2025-07-30,0.004773649211308217,0.004773649211308217,0.0,0.0028287295797871552,0.0013306817206061084
2025-07-31,-0.0019549349457524444,-0.0019549349457524444,0.0,-0.0022002428134160943,-0.002415646177029984
2025-08-01,-0.0022206909973638716,-0.0022206909973638716,0.0,-0.0035990291132360257,-0.004746379170050118
2025-08-04,0.012354547001013414,0.012354547001013414,0.0,0.007985614238999201,0.0046606791956332215
2025-08-05,0.0034140586229714654,0.0034140586229714654,0.0,0.00042388807494179553,-0.0019064684420715848
2025-08-06,-0.0018198265181251397,-0.0018198265181251397,0.0,-0.0020706608198504855,-0.0022829932066791513
2025-08-07,0.004351462753164543,0.004351462753164543,0.0,0.0019701673609399486,0.00015299445823977462
2025-08-08,0.0037476651152392538,0.0037476651152392538,0.0,-0.0016133574019138544,-0.005834860982943368
2025-08-11,-0.010477308443048705,-0.010477308443048705,0.0,-0.0016878047720509195,0.005180945912512057
2025-08-12,-0.002640629695134507,-0.002640629695134507,0.0,-0.0028087908056949233,-0.0029632212544232314
2025-08-13,0.0015984275666286124,0.0015984275666286124,0.0,0.0021537205410187,0.002648253284389312
2025-08-14,-0.00012320145826655125,-0.00012320145826655125,0.0,0.00044147254034706163,0.0008673315877960163
2025-08-18,-0.003788244097906456,-0.003788244097906456,0.0,0.0014739269434450959,0.005634200604334438
2025-08-19,-0.004420591155840047,-0.004420591155840047,0.0,-0.0008710128378298284,0.001919339425149502
2025-08-20,-0.0018429079636057368,-0.0018429079636057368,0.0,0.0004258549551341416,0.002189150133675
2025-08-21,0.004072766746785948,0.004072766746785948,0.0,0.0019175834839441444,0.0002820610498879716
2025-08-22,0.0006116091824401768,0.0006116091824401768,0.0,-0.0026222077564301096,-0.005196485080538337
2025-08-25,0.008189056030394822,0.008189056030394822,0.0,0.004944705754478621,0.002479466066037261
2025-08-26,0.0028330358922433745,0.0028330358922433745,0.0,-0.002383768368318328,-0.006497049809167165
2025-08-28,0.005183302126720556,0.005183302126720556,0.0,-0.0007900063191668139,-0.005469579456662643
2025-08-29,0.008714007906933238,0.008714007906933238,0.0,0.003192024253502919,-0.0011105266444598526
2025-09-01,0.011125445623589282,0.011125445623589282,0.0,0.00735064004019866,0.004528211851806318
2025-09-02,-0.00026298827896469577,-0.00026298827896469577,0.0,-0.0009901915105956505,-0.0015577167164224192
2025-09-03,0.011411345375945894,0.011411345375945894,0.0,0.007058551198552365,0.0037466080312139383
2025-09-04,0.0028114670908512486,0.0028114670908512486,0.0,0.0018540094521185915,0.0011080579610197817
2025-09-05,0.004319790548088688,0.004319790548088688,0.0,0.002044544810203182,0.00029055078362141276
2025-09-08,0.011666709234885844,0.011666709234885844,0.0,0.005769924042338855,0.0012270713812750245
2025-09-09,0.010136855277023241,0.010136855277023241,0.0,0.005767880621017518,0.002435196159013131
2025-09-10,-0.0020095766038143057,-0.0020095766038143057,0.0,0.0007818471281432573,0.0029632159953351333
2025-09-11,-0.002661902058855814,-0.002661902058855814,0.0,-0.0010221338077140985,0.0002667729493389003
2025-09-12,0.005389736859476528,0.005389736859476528,0.0,0.0037890960848940836,0.002597795337013409
2025-09-15,-0.0027463554454698596,-0.0027463554454698596,0.0,-0.0016795681986850515,-0.0008795317574396221
2025-09-16,0.01140003358611592,0.01140003358611592,0.0,0.007324205285757538,0.0042443066028297945
2025-09-17,-0.008214204449618585,-0.008214204449618585,0.0,-0.0020781006566388998,0.0026736862726252754
2025-09-18,0.003230421571446937,0.003230421571446937,0.0,0.0029272873926518748,0.002717145338583293
2025-09-19,-0.0026708193253121514,-0.0026708193253121514,0.0,-0.0025044863401433304,-0.0024103537926993823
2025-09-22,0.015960943299484737,0.015960943299484737,0.0,0.005890939872156645,-0.0019430188609906192
2025-09-23,0.016450817573599383,0.016450817573599383,0.0,0.006982764643366224,-0.00033778628745260157
2025-09-24,-0.004066485760062474,-0.004066485760062474,0.0,-0.0033747485255061585,-0.0028807821280516068
2025-09-25,-0.001775637629096339,-0.001775637629096339,0.0,-0.003062704797914151,-0.00411649025762415
2025-09-26,-0.0019283439078620881,-0.0019283439078620881,0.0,-0.004237590451852569,-0.006101120104014157
2025-09-29,0.013460689314994442,0.013460689314994442,0.0,0.005517340042072938,-0.0006092700622470915
2025-09-30,-0.0001760370523051267,-0.0001760370523051267,0.0,-0.00017804799599178506,-0.00019836145771492397
2025-10-01,0.0151315267446918,0.0151315267446918,0.0,0.010649794994823361,0.007241373243820348
2025-10-03,-0.0039613014632532695,-0.0039613014632532695,0.0,-0.0005083281909141016,0.002157084177489921
2025-10-06,0.016666612180380826,0.016666612180380826,0.0,0.009591183779341131,0.004214553433517665
2025-10-07,0.003351713297237773,0.003351713297237773,0.0,0.0018294114766206346,0.0006696642206652115
2025-10-08,0.015368921721917254,0.015368921721917254,0.0,0.005790030068718069,-0.0016134618387113164
2025-10-09,-0.002251646793828977,-0.002251646793828977,0.0,0.00023438807381115378,0.0022278638228577564
2025-10-10,-0.006284704232724343,-0.006284704232724343,0.0,-0.001587681422076178,0.002081657159914485
2025-10-13,0.015176491330285395,0.015176491330285395,0.0,0.0060968892492866775,-0.0009339578565420224
2025-10-14,0.018176627876567507,0.018176627876567507,0.0,0.00701137351244648,-0.00163307563862638
2025-10-15,0.0016414422421759552,0.0016414422421759552,0.0,0.003249516712509208,0.004550047756472963
2025-10-16,0.0005816865862200177,0.0005816865862200177,0.0,0.0036809032624504447,0.0061699048042822115
2025-10-17,0.019993363421082263,0.019993363421082263,0.0,0.010650076595819217,0.003482830089366118
2025-10-20,-0.021444727542874867,-0.021444727542874867,0.0,-0.00771968373480932,0.002913240636540948
2025-10-21,0.0045502761643192715,0.0045502761643192715,0.0,0.002856578883401776,0.0015377433003688878
2025-10-23,-0.02984155469362317,-0.02984155469362317,0.0,-0.013060007231248486,-0.00010259236289975614
2025-10-27,-0.011653673261668,-0.011653673261668,0.0,-0.003929897551868085,0.0020431644933903924
2025-10-28,-0.025588908034573594,-0.025588908034573594,0.0,-0.011447947284448052,-0.0005639540176527902
2025-10-29,0.023764647026997612,0.023764647026997612,0.0,0.011414317944635616,0.001958774659208018
2025-10-30,-0.0021826390397553744,-0.0021826390397553744,0.0,-0.003319777516790208,-0.004257765840225858
2025-10-31,0.0023484200315751352,0.0023484200315751352,0.0,-0.0012464448702145243,-0.004065132771242829
2025-11-03,0.0004149971156652456,0.0004149971156652456,0.0,0.000897868035279655,0.0012779369667786256
2025-11-04,-0.0014350617917662574,-0.0014350617917662574,0.0,-0.002300026532353172,-0.003049752493561897
2025-11-06,0.0021430173999877223,0.0021430173999877223,0.0,-0.00014147877869952194,-0.0019388290555209407
2025-11-07,-0.001069442578726388,-0.001069442578726388,0.0,-0.0007659454817181554,-0.0005356244824056943
2025-11-10,0.013480420393361838,0.013480420393361838,0.0,0.0070480451685230126,0.0021174379950362975
2025-11-11,0.011917727995050803,0.011917727995050803,0.0,0.006791868241711185,0.0028858338235519198
2025-11-12,-0.004277052395192735,-0.004277052395192735,0.0,0.0006587967183812418,0.004523631029178432
2025-11-13,0.019656818963770268,0.019656818963770268,0.0,0.008525784123309954,-4.846150547059836e-05
2025-11-14,-0.011275487745329871,-0.011275487745329871,0.0,-0.004363954770572794,0.0009682011092195353
2025-11-17,-0.014290692000725257,-0.014290692000725257,0.0,-0.0052573799908003,0.0017588306298257804
2025-11-18,-0.0075927331617851685,-0.0075927331617851685,0.0,-0.004449757123360006,-0.002074109198880691
2025-11-19,0.009768332344656152,0.009768332344656152,0.0,0.005898625219121397,0.0029776033244594655
2025-11-20,-0.0006734650595724876,-0.0014472333221357133,1.0316910167509676,-7.64837368993908e-05,0.0036458275267179374
2025-11-21,0.0037919023714811945,0.003018134108917969,1.0316910167509676,0.00046957105103651037,-0.002154209790399264
2025-11-24,0.0012084995260221623,0.0012084995260221623,0.0,-0.0013766692625258867,-0.0033882909177037845
2025-11-25,0.00960216621053614,0.00960216621053614,0.0,0.003656369176203711,-0.0009726308819665518
2025-11-26,0.0060105788294550705,0.0060105788294550705,0.0,0.007409191102547119,0.008578132749999056
2025-11-27,-0.00040450991516302636,-0.00040450991516302636,0.0,6.324747630574261e-05,0.0004229648828204091
2025-11-28,0.0041095423530251645,0.0041095423530251645,0.0,0.001991180042885195,0.0003385645275887584
2025-12-01,0.013822337693919827,0.013822337693919827,0.0,0.004288361738283027,-0.0030112097565613287
2025-12-02,-0.007714772742540911,-0.007714772742540911,0.0,-0.005045089985062923,-0.003047470143684094
2025-12-03,0.006906312738494285,0.006906312738494285,0.0,0.002959890976224955,-0.00012198586546183774
2025-12-04,-0.004548630369255421,-0.004548630369255421,0.0,-0.0016588912427604183,0.0005984278948535149
2025-12-05,0.007276085835677515,0.007276085835677515,0.0,0.00540739297026486,0.0040120561762119426
2025-12-08,-0.0003234508113170763,-0.0003234508113170763,0.0,-0.0030651378739226702,-0.005261240098858621
2025-12-09,-0.004390925637161657,-0.004390925637161657,0.0,-0.0037582159268145783,-0.0033039077002118946
2025-12-10,-0.0007659403011440454,-0.0007659403011440454,0.0,-0.0017891902270793143,-0.0025917971827212226
2025-12-11,0.006419411725333552,0.006419411725333552,0.0,0.004425527790421195,0.0029497242969753756
2025-12-12,0.017531510085996085,0.017531510085996085,0.0,0.009681062291256202,0.003680449708982891
2025-12-15,0.009047283971643623,0.009047283971643623,0.0,0.00343078807800327,-0.0008943826658583732
2025-12-16,-0.009618288589394182,-0.009618288589394182,0.0,-0.006298089031100554,-0.0038037453259509133
2025-12-17,0.0032583698291592687,0.0032583698291592687,0.0,0.001137658994003606,-0.0005232474461642765
2025-12-18,-0.0007663026559720246,-0.0007663026559720246,0.0,-0.00037226639663234806,-6.972136427449981e-05
2025-12-19,-0.0005504435741108301,-0.0005504435741108301,0.0,0.0015719269674372425,0.0032700543871264642
2025-12-22,0.010818662004843329,0.010818662004843329,0.0,0.007290998361794957,0.004651646252202468
2025-12-23,0.01089062852169987,0.01089062852169987,0.0,0.004032814740604351,-0.0012182551270893073
2025-12-24,0.001853545760960898,0.001853545760960898,0.0,0.0014562142875889823,0.0010906315809489087
2025-12-26,0.007331600699404049,0.007331600699404049,0.0,0.0018432056750829298,-0.00242094137739528
2025-12-29,-0.008550239829877935,-0.008550239829877935,0.0,-0.004933586898256514,-0.0021870046641907946
2025-12-30,-0.012707455998903569,-0.012707455998903569,0.0,-0.005572667154894795,-7.517210197249824e-05
2025-12-31,-0.007042464260780623,-0.007042464260780623,0.0,-0.00033150998549391625,0.004899842584078585
2026-01-01,0.002883178991294418,0.002883178991294418,0.0,0.0015074834255151732,0.0004520457315198456
2026-01-02,0.008992588470087756,0.008992588470087756,0.0,0.006262619155795216,0.004224887888169348
2026-01-05,0.007091579010596489,0.007091579010596489,0.0,0.0016937769903713948,-0.0024784261512419193
2026-01-06,0.0014906396639365236,0.0014906396639365236,0.0,-0.00026165892500025956,-0.0016388244753411385
2026-01-07,-0.0010793913542707107,-0.0010793913542707107,0.0,-0.00047992426338616667,-5.207950544310329e-05
2026-01-08,-0.004143328590333566,-0.004143328590333566,0.0,-0.005112849689855813,-0.005962251257590978
2026-01-09,0.00898701020388828,0.00898701020388828,0.0,0.0014453704009496822,-0.00444178757773983
2026-01-12,0.020503194471110618,0.020503194471110618,0.0,0.009872388821004682,0.0017383568278880543
2026-01-13,-0.0026729543239685134,-0.0026729543239685134,0.0,-0.0020225420451562095,-0.0015386364401834384
2026-01-14,0.010717694689265032,0.010717694689265032,0.0,0.003799702400553014,-0.001557290289587243
2026-01-16,-0.0019370967392161823,-0.0019370967392161823,0.0,-0.0009077537386668054,-8.502754926098543e-05
2026-01-19,0.02147378047182629,0.02147378047182629,0.0,0.00811384705353942,-0.0022317165392898627
2026-01-20,0.029341383106655138,0.029341383106655138,0.0,0.007957304198403273,-0.008651240684858763
2026-01-21,0.05359298057926819,0.05359298057926819,0.0,0.022407046166345996,-0.0016598443083740476
2026-01-22,-0.06193960653737311,-0.06193960653737311,0.0,-0.024334932883542194,0.004661020842909735
2026-01-23,0.01855539424385558,0.01855539424385558,0.0,0.0046992402166606455,-0.00606553941776049
2026-01-27,0.023883583224000835,0.023883583224000835,0.0,0.012114154118009719,0.0030913333480189205
2026-01-28,0.024972557574885867,0.024972557574885867,0.0,0.013004928141603145,0.003849381570049814
2026-01-29,0.05812740136157994,0.05812740136157994,0.0,0.02629998593648904,0.0018001884611027917
2026-01-30,-0.08447331857760051,-0.08447331857760051,0.0,-0.03743977478263123,-0.0012553623699080418
2026-02-02,-0.07666294029027228,-0.07666294029027228,0.0,-0.03669331043069057,-0.005968356195446489
2026-02-03,0.04186756024767054,0.04186756024767054,0.0,0.02744288902859034,0.016536465426800363
2026-02-04,0.009487225995080145,0.00871345773251692,1.0316910167509676,0.012505549300157348,0.0015667792505599464
2026-02-05,-0.011020898561756174,-0.012161809523122643,1.521214615155292,-0.014126462131889875,-0.0042356952811790196
2026-02-06,0.0012986461440803124,0.0012986461440803124,0.0,0.0009643657498958901,0.002129228418570506
2026-02-09,0.010035153035330901,0.010035153035330901,0.0,0.009521876211816624,0.0034768891920961666
2026-02-10,0.0026574300288266734,0.0026574300288266734,0.0,0.0017572954587071383,0.0015090909275787823
2026-02-11,0.001136816821541477,0.001136816821541477,0.0,0.001643550125288347,0.0009959571602376372
2026-02-12,-0.004813067317870178,-0.004813067317870178,0.0,-0.0018343372622184142,-0.0027746860155641426
2026-02-13,-0.014289092664748588,-0.014289092664748588,0.0,-0.010706122774479057,-0.007865419021535302
2026-02-16,0.00791642389996018,0.00791642389996018,0.0,0.0051791492716188135,0.005277310464527574
2026-02-17,-0.002394343091636517,-0.002394343091636517,0.0,-0.004300146220495312,0.0026152247500711213
2026-02-18,0.0030125764033160233,0.0030125764033160233,0.0,0.001582783615358944,0.0024358172234606457
2026-02-19,-0.007496869261604693,-0.007496869261604693,0.0,0.0022084555455403887,-0.007983721539717692
2026-02-20,0.004372545667363689,0.004372545667363689,0.0,0.0016698353260154635,0.0015063778159763782
2026-02-23,0.008243302108767444,0.008243302108767444,0.0,0.008521878729678948,0.0036900989323779497
2026-02-24,-0.007153834945107574,-0.007153834945107574,0.0,-0.0006455488651511134,-0.0067665056155945535
2026-02-25,0.0025332768732805695,0.0025332768732805695,0.0,0.0022601166871180447,0.0017365377748351563
2026-02-26,-0.0014051637486150134,-0.0014051637486150134,0.0,-0.0029449600268180256,0.0002686029397814593
2026-02-27,-0.008327972726213108,-0.008327972726213108,0.0,-0.0013332037064707571,-0.007528050492810223
2026-03-02,-4.512731749455219e-05,-4.512731749455219e-05,0.0,0.01248368719237843,-0.007442130259686763
2026-03-04,-0.009174212275591564,-0.010315123236958034,1.521214615155292,-0.016139297853530188,-0.009678204931583067
2026-03-05,-0.0016704399057843361,-0.0016704399057843361,0.0,7.372293390280543e-05,0.007575756815926837
2026-03-06,-0.0025426960805618494,-0.0025426960805618494,0.0,-0.007561537660733344,-0.007319229391373838
2026-03-09,-0.00320995413890363,-0.00320995413890363,0.0,-0.006119022529209002,-0.012445428327008656
2026-03-10,0.003873375407804691,0.003873375407804691,0.0,0.006256172882380598,0.006861852169197746
2026-03-11,-1.4951511932836644e-05,-1.4951511932836644e-05,0.0,-0.004340078152096656,-0.010029148256887766
2026-03-12,0.0022910529535590525,0.0022910529535590525,0.0,-0.0023999365245410686,-0.003952284078032519
2026-03-13,-0.006709265072353301,-0.006709265072353301,0.0,-0.01318590421279797,-0.013571028536571461
2026-03-16,-0.007017783923668484,-0.007017783923668484,0.0,-0.005008286324205061,0.0058340672085801515
2026-03-17,0.0015831214123509646,0.0015831214123509646,0.0,0.004743972012219544,0.004028024963493948
2026-03-18,0.00038525400991023195,0.00038525400991023195,0.0,0.0022724916873689454,0.005356186058291357
2026-03-19,-0.0137572006319099,-0.0137572006319099,0.0,-0.02832401907646916,-0.019463666580587
2026-03-20,-0.0023339873670580663,-0.0023339873670580663,0.0,-2.427020959820203e-05,0.001803523637272164
2026-03-23,-0.02524387490749641,-0.02524387490749641,0.0,-0.03943865384371481,-0.016890224738489577
2026-03-24,0.011571051713136816,0.011571051713136816,0.0,0.020082900439260715,0.010747885628710208
2026-03-25,0.008986983609350838,0.008986983609350838,0.0,0.016579218535034634,0.01035599830683367
2026-03-27,-0.006768919670914244,-0.006768919670914244,0.0,-0.013033402191774476,-0.013916584965640055
2026-03-30,0.003134098834272853,0.003134098834272853,0.0,0.0012868655183441526,-0.01504735459984552
2026-04-01,0.01472846197455304,0.01472846197455304,0.0,0.01562960115770758,0.014716809981628743
2026-04-02,-0.013423965281525566,-0.013423965281525566,0.0,-0.010771787580176273,-0.0034793689284644104
2026-04-06,0.005578674237311943,0.005578674237311943,0.0,0.010093444974958269,0.0070163417959868465
2026-04-07,0.0002741152694311364,0.0002741152694311364,0.0,0.0004319337667375577,0.005235858102594548
2026-04-08,0.009755872852686375,0.009755872852686375,0.0,0.02083523304632114,0.023937510611807863
2026-04-09,-0.0008711406118228041,-0.0008711406118228041,0.0,-0.005397652351557091,-0.004525470621327798
2026-04-10,0.005531005838536055,0.005531005838536055,0.0,0.006712434174192575,0.009451165145500085
2026-04-13,-0.0035337604447892384,-0.0035337604447892384,0.0,-0.003919904906680927,-0.0073142933465152995
2026-04-15,0.004680718693568613,0.004680718693568613,0.0,0.009544318669616617,0.010507272368242225
2026-04-16,-0.0006110938072064803,-0.0006110938072064803,0.0,0.00021222476769130094,-0.0017860169560048435
2026-04-17,0.0001790215908401018,0.0001790215908401018,0.0,0.0007199343517652799,0.004743545472588195
2026-04-20,0.00019855276416264037,0.00019855276416264037,0.0,0.0005851526051747769,0.00015444882794355406
2026-04-21,0.002978100101536617,0.002978100101536617,0.0,0.004501431060244402,0.006428982359601321
2026-04-22,-0.00132780274009272,-0.00132780274009272,0.0,-0.0035734184613920306,-0.00517462544672469
2026-04-23,-0.0039185067715971356,-0.0039185067715971356,0.0,-0.006076417516016322,-0.0060581804042929115
2026-04-24,-0.0005129619057873085,-0.0005129619057873085,0.0,-0.004088296303537575,-0.006743533018078907
2026-04-27,0.0002836610790662874,0.0002836610790662874,0.0,0.0032282281334496217,0.004497888484667811
2026-04-28,-0.004771202466367041,-0.004771202466367041,0.0,-0.0062558116497219984,-0.0032272931923234436
2026-04-29,-0.0019541365863623033,-0.0019541365863623033,0.0,-0.0004842635206907532,0.004532432274291409
2026-04-30,0.003370497696102023,0.003370497696102023,0.0,0.002489818494106011,-0.004548276246449134
2026-05-04,-0.0020467891677536753,-0.0020467891677536753,0.0,-0.0012126357338360094,0.002974262956361784
2026-05-05,-0.0012540719239890836,-0.0012540719239890836,0.0,-0.002108219013051915,-0.002528722091803459
2026-05-06,0.00713063454402638,0.00713063454402638,0.0,0.010491832859759853,0.009011664222463977
2026-05-07,0.000678417055552387,0.000678417055552387,0.0,0.001045160844570366,-0.0002299131909939689
2026-05-08,-0.0008964480406959592,-0.0008964480406959592,0.0,-0.0026523723692892056,-0.003909493602558811
2026-05-11,-0.004426880487648434,-0.004426880487648434,0.0,-0.00868955354374427,-0.00994017929620945
2026-05-12,0.0008403422311002418,0.0008403422311002418,0.0,-0.003021199696791339,-0.011777876890819883
2026-05-13,0.01308077388985138,0.01308077388985138,0.0,0.018602764602220507,0.00034924954889632427
2026-05-14,0.0009819677085444102,0.0009819677085444102,0.0,0.004229464341247121,0.007306303579926876
2026-05-15,-0.005388757810210541,-0.005388757810210541,0.0,-0.0070622143216733475,-0.0016049657604188638
2026-05-18,-0.0020932117679402077,-0.0020932117679402077,0.0,-0.00041238696657508456,-0.0013356702217880213
2026-05-19,0.002863135599046076,0.002863135599046076,0.0,0.002477684963998546,-0.00018569543362829673
2026-05-20,1.5678967474014403e-06,1.5678967474014403e-06,0.0,-0.00018210059878409618,0.001477866153563312
2026-05-21,0.0011384011516246432,0.0011384011516246432,0.0,0.00137103744785468,-4.6696321177108754e-05
2026-05-22,-0.0005736729247194613,-0.0005736729247194613,0.0,0.00019260369229456847,0.0015115582064471056
2026-05-25,0.0026388050931433426,0.0026388050931433426,0.0,0.0053741344463880125,0.009035260798778921
2026-05-26,-0.0031992016043794263,-0.0031992016043794263,0.0,-0.004595630954399077,-0.0036386743390472986
2026-05-27,-0.0010543287292207714,-0.0021952396905872405,1.521214615155292,-0.000549324802139317,0.0009564655673639067
2026-05-29,-0.01272323347224076,-0.01272323347224076,0.0,-0.005954471092846228,-0.008964072954251634
2026-06-01,-0.007442023714131236,-0.007442023714131236,0.0,-0.005417052836879617,-0.004285059284358894
2026-06-02,0.005289067896291014,0.005289067896291014,0.0,0.004714215959176353,0.0028334493199697166
2026-06-03,-0.004267368073942109,-0.004267368073942109,0.0,-0.0032183118903447534,-0.0013120869375256917
2026-06-04,0.0017172434608267425,0.0017172434608267425,0.0,0.002549315481822726,0.0004666909769778016
2026-06-05,-0.0028287135049241035,-0.0028287135049241035,0.0,-0.0004718269803015338,0.001255124665438956
2026-06-08,-0.014135072140831434,-0.014135072140831434,0.0,-0.011895658758215964,-0.0048760356931968115
2026-06-09,0.0060815413672678145,0.0060815413672678145,0.0,0.005764851790155845,0.004002202259960085
2026-06-10,-0.007814953861527288,-0.007814953861527288,0.0,-0.012417986129045506,-0.0013755848646344049
2026-06-11,-0.0049517326741572495,-0.0049517326741572495,0.0,-0.006207870241447644,-0.0016872676267151831
2026-06-12,0.020154986513971636,0.020154986513971636,0.0,0.015096433646161126,0.013303329495256122
2026-06-15,0.011345555631598643,0.011345555631598643,0.0,0.009483818635768118,0.006205532562848858
2026-06-16,0.004571471380471743,0.004571471380471743,0.0,0.002067065367464297,0.0035145893817421837
2026-06-17,0.002583976982250365,0.002583976982250365,0.0,0.00023908974911327857,0.002348851522695128
2026-06-18,7.70963015891417e-05,7.70963015891417e-05,0.0,-0.002570540120128584,0.0029012709179916385
2026-06-19,-0.008996751039920104,-0.008996751039920104,0.0,-0.008818778159466115,-0.004162933719370798
2026-06-22,0.005194465313018318,0.005194465313018318,0.0,0.004721285493187584,0.0019954411825143124
2026-06-23,-0.013007418688615803,-0.013007418688615803,0.0,-0.009688518760234464,-0.006553529063920749
2026-06-24,0.004339493925250315,0.004339493925250315,0.0,-0.000568252146143718,0.005503268988367082
2026-06-25,-0.0033297794643671703,-0.0033297794643671703,0.0,-0.005560334676995163,0.0025592176534512843
2026-06-29,-0.0011169676747600867,-0.0011169676747600867,0.0,0.0021546534773480746,-0.003411359030249983
2026-06-30,-0.0034856247552375553,-0.0034856247552375553,0.0,-0.002037230252027437,-0.0015346723637762237
2026-07-01,0.003801044952838398,0.003801044952838398,0.0,0.0001783934113660141,0.00314766593693534
2026-07-02,0.009466329376249156,0.009466329376249156,0.0,0.008979767368460697,0.004533835622642357
2026-07-03,0.007545980245468733,0.007545980245468733,0.0,0.009305372987475616,0.0031449978484946683
2026-07-06,0.0039058047115721325,0.0039058047115721325,0.0,-0.0006972963848822882,0.003141941164325246
2026-07-07,-0.002599543318872647,-0.002599543318872647,0.0,-0.002379395799614474,1.0335522821947074e-05
2026-07-09,-0.014267130875188537,-0.014267130875188537,0.0,-0.010007429826970633,-0.010538333728216998
